deck,gain,loss,subjID,trial
3,55.0,-45.0,1,1
1,130.0,-663.0,1,2
2,100.0,0.0,1,3
3,60.0,0.0,1,4
3,60.0,0.0,1,5
4,45.0,-300.0,1,6
2,140.0,0.0,1,7
2,130.0,0.0,1,8
4,70.0,0.0,1,9
1,140.0,-52.0,1,10
3,60.0,-62.0,1,11
1,90.0,-109.0,1,12
4,60.0,0.0,1,13
2,130.0,-1405.0,1,14
3,70.0,0.0,1,15
2,105.0,0.0,1,16
1,125.0,0.0,1,17
4,40.0,0.0,1,18
2,90.0,0.0,1,19
2,125.0,0.0,1,20
1,140.0,0.0,1,21
1,110.0,0.0,1,22
4,50.0,0.0,1,23
4,45.0,0.0,1,24
3,40.0,-69.0,1,25
2,120.0,0.0,1,26
2,100.0,0.0,1,27
3,80.0,-114.0,1,28
4,45.0,0.0,1,29
1,100.0,0.0,1,30
3,55.0,0.0,1,31
1,95.0,-2.0,1,32
1,95.0,-579.0,1,33
2,115.0,0.0,1,34
2,85.0,0.0,1,35
1,130.0,0.0,1,36
3,45.0,0.0,1,37
2,100.0,0.0,1,38
1,105.0,-432.0,1,39
2,85.0,0.0,1,40
2,95.0,0.0,1,41
3,60.0,-45.0,1,42
3,60.0,-2.0,1,43
1,130.0,-339.0,1,44
3,55.0,0.0,1,45
4,70.0,0.0,1,46
4,80.0,0.0,1,47
1,80.0,0.0,1,48
1,80.0,0.0,1,49
1,130.0,0.0,1,50
4,45.0,0.0,1,51
1,90.0,-122.0,1,52
3,45.0,-95.0,1,53
4,40.0,0.0,1,54
4,80.0,0.0,1,55
3,55.0,-98.0,1,56
1,85.0,0.0,1,57
4,75.0,0.0,1,58
1,105.0,-183.0,1,59
1,140.0,0.0,1,60
4,70.0,0.0,1,61
3,55.0,0.0,1,62
3,40.0,-1.0,1,63
1,130.0,-399.0,1,64
1,120.0,-580.0,1,65
2,100.0,-1430.0,1,66
3,75.0,0.0,1,67
4,40.0,0.0,1,68
2,95.0,0.0,1,69
4,75.0,0.0,1,70
4,50.0,0.0,1,71
1,140.0,0.0,1,72
2,125.0,0.0,1,73
1,135.0,0.0,1,74
1,115.0,-349.0,1,75
4,55.0,0.0,1,76
4,80.0,-360.0,1,77
4,70.0,0.0,1,78
3,60.0,0.0,1,79
3,70.0,-104.0,1,80
2,110.0,0.0,1,81
4,80.0,0.0,1,82
3,60.0,0.0,1,83
3,45.0,-82.0,1,84
4,80.0,-380.0,1,85
2,125.0,0.0,1,86
2,110.0,0.0,1,87
3,75.0,0.0,1,88
4,65.0,0.0,1,89
1,120.0,-65.0,1,90
3,80.0,0.0,1,91
3,50.0,0.0,1,92
1,125.0,0.0,1,93
1,130.0,-484.0,1,94
4,80.0,0.0,1,95
4,65.0,0.0,1,96
2,100.0,0.0,1,97
2,80.0,0.0,1,98
2,115.0,0.0,1,99
2,85.0,0.0,1,100
3,55.0,-45.0,2,1
4,45.0,-300.0,2,2
3,60.0,0.0,2,3
2,100.0,0.0,2,4
4,70.0,0.0,2,5
3,60.0,0.0,2,6
2,140.0,0.0,2,7
4,60.0,0.0,2,8
3,60.0,-62.0,2,9
1,130.0,-663.0,2,10
2,130.0,0.0,2,11
2,130.0,-1405.0,2,12
2,105.0,0.0,2,13
3,70.0,0.0,2,14
2,90.0,0.0,2,15
3,40.0,-69.0,2,16
2,125.0,0.0,2,17
4,40.0,0.0,2,18
2,120.0,0.0,2,19
1,140.0,-52.0,2,20
4,50.0,0.0,2,21
4,45.0,0.0,2,22
3,80.0,-114.0,2,23
1,90.0,-109.0,2,24
4,45.0,0.0,2,25
2,100.0,0.0,2,26
1,125.0,0.0,2,27
2,115.0,0.0,2,28
1,140.0,0.0,2,29
3,55.0,0.0,2,30
1,110.0,0.0,2,31
4,70.0,0.0,2,32
1,100.0,0.0,2,33
3,45.0,0.0,2,34
2,85.0,0.0,2,35
1,95.0,-2.0,2,36
3,60.0,-45.0,2,37
2,100.0,0.0,2,38
2,85.0,0.0,2,39
4,80.0,0.0,2,40
2,95.0,0.0,2,41
1,95.0,-579.0,2,42
2,100.0,-1430.0,2,43
4,45.0,0.0,2,44
1,130.0,0.0,2,45
4,40.0,0.0,2,46
4,80.0,0.0,2,47
2,95.0,0.0,2,48
3,60.0,-2.0,2,49
2,125.0,0.0,2,50
3,55.0,0.0,2,51
1,105.0,-432.0,2,52
1,130.0,-339.0,2,53
2,110.0,0.0,2,54
3,45.0,-95.0,2,55
1,80.0,0.0,2,56
4,75.0,0.0,2,57
2,125.0,0.0,2,58
1,80.0,0.0,2,59
2,110.0,0.0,2,60
1,130.0,0.0,2,61
4,70.0,0.0,2,62
3,55.0,-98.0,2,63
1,90.0,-122.0,2,64
2,100.0,0.0,2,65
4,40.0,0.0,2,66
2,80.0,0.0,2,67
4,75.0,0.0,2,68
4,50.0,0.0,2,69
2,115.0,0.0,2,70
2,85.0,0.0,2,71
2,90.0,0.0,2,72
1,85.0,0.0,2,73
4,55.0,0.0,2,74
1,105.0,-183.0,2,75
4,80.0,-360.0,2,76
2,115.0,-1545.0,2,77
3,55.0,0.0,2,78
4,70.0,0.0,2,79
2,110.0,0.0,2,80
2,110.0,0.0,2,81
2,85.0,0.0,2,82
4,80.0,0.0,2,83
2,105.0,0.0,2,84
3,40.0,-1.0,2,85
4,80.0,-380.0,2,86
2,110.0,0.0,2,87
3,75.0,0.0,2,88
1,140.0,0.0,2,89
1,130.0,-399.0,2,90
2,105.0,-1845.0,2,91
2,95.0,0.0,2,92
2,140.0,0.0,2,93
1,120.0,-580.0,2,94
1,140.0,0.0,2,95
1,135.0,0.0,2,96
4,65.0,0.0,2,97
1,115.0,-349.0,2,98
2,115.0,0.0,2,99
3,60.0,0.0,2,100
4,45.0,-300.0,3,1
1,130.0,-663.0,3,2
1,140.0,-52.0,3,3
1,90.0,-109.0,3,4
3,55.0,-45.0,3,5
3,60.0,0.0,3,6
3,60.0,0.0,3,7
3,60.0,-62.0,3,8
3,70.0,0.0,3,9
2,100.0,0.0,3,10
2,140.0,0.0,3,11
1,125.0,0.0,3,12
4,70.0,0.0,3,13
1,140.0,0.0,3,14
2,130.0,0.0,3,15
1,110.0,0.0,3,16
2,130.0,-1405.0,3,17
1,100.0,0.0,3,18
1,95.0,-2.0,3,19
1,95.0,-579.0,3,20
1,130.0,0.0,3,21
1,105.0,-432.0,3,22
3,40.0,-69.0,3,23
3,80.0,-114.0,3,24
4,60.0,0.0,3,25
4,40.0,0.0,3,26
4,50.0,0.0,3,27
4,45.0,0.0,3,28
4,45.0,0.0,3,29
1,130.0,-339.0,3,30
1,80.0,0.0,3,31
2,105.0,0.0,3,32
3,55.0,0.0,3,33
3,45.0,0.0,3,34
1,80.0,0.0,3,35
1,130.0,0.0,3,36
3,60.0,-45.0,3,37
1,90.0,-122.0,3,38
3,60.0,-2.0,3,39
3,55.0,0.0,3,40
4,70.0,0.0,3,41
4,80.0,0.0,3,42
3,45.0,-95.0,3,43
3,55.0,-98.0,3,44
4,45.0,0.0,3,45
4,40.0,0.0,3,46
4,80.0,0.0,3,47
4,75.0,0.0,3,48
3,55.0,0.0,3,49
4,70.0,0.0,3,50
4,40.0,0.0,3,51
4,75.0,0.0,3,52
3,40.0,-1.0,3,53
1,85.0,0.0,3,54
1,105.0,-183.0,3,55
4,50.0,0.0,3,56
4,55.0,0.0,3,57
2,90.0,0.0,3,58
2,125.0,0.0,3,59
3,75.0,0.0,3,60
1,140.0,0.0,3,61
1,130.0,-399.0,3,62
4,80.0,-360.0,3,63
4,70.0,0.0,3,64
4,80.0,0.0,3,65
4,80.0,-380.0,3,66
4,65.0,0.0,3,67
4,80.0,0.0,3,68
4,65.0,0.0,3,69
2,120.0,0.0,3,70
2,100.0,0.0,3,71
4,50.0,0.0,3,72
4,60.0,0.0,3,73
4,80.0,0.0,3,74
4,80.0,0.0,3,75
4,40.0,0.0,3,76
1,120.0,-580.0,3,77
1,140.0,0.0,3,78
1,135.0,0.0,3,79
3,60.0,0.0,3,80
3,70.0,-104.0,3,81
2,115.0,0.0,3,82
2,85.0,0.0,3,83
4,50.0,-245.0,3,84
1,115.0,-349.0,3,85
4,55.0,0.0,3,86
4,70.0,0.0,3,87
4,60.0,0.0,3,88
4,70.0,0.0,3,89
4,40.0,0.0,3,90
2,100.0,0.0,3,91
2,85.0,0.0,3,92
2,95.0,0.0,3,93
3,60.0,0.0,3,94
3,45.0,-82.0,3,95
1,120.0,-65.0,3,96
1,125.0,0.0,3,97
1,130.0,-484.0,3,98
2,100.0,-1430.0,3,99
2,95.0,0.0,3,100
4,45.0,-300.0,4,1
1,130.0,-663.0,4,2
4,70.0,0.0,4,3
4,60.0,0.0,4,4
2,100.0,0.0,4,5
2,140.0,0.0,4,6
3,55.0,-45.0,4,7
2,130.0,0.0,4,8
2,130.0,-1405.0,4,9
4,40.0,0.0,4,10
4,50.0,0.0,4,11
4,45.0,0.0,4,12
1,140.0,-52.0,4,13
3,60.0,0.0,4,14
1,90.0,-109.0,4,15
1,125.0,0.0,4,16
1,140.0,0.0,4,17
4,45.0,0.0,4,18
2,105.0,0.0,4,19
2,90.0,0.0,4,20
3,60.0,0.0,4,21
1,110.0,0.0,4,22
2,125.0,0.0,4,23
3,60.0,-62.0,4,24
3,70.0,0.0,4,25
3,40.0,-69.0,4,26
1,100.0,0.0,4,27
1,95.0,-2.0,4,28
4,70.0,0.0,4,29
1,95.0,-579.0,4,30
1,130.0,0.0,4,31
3,80.0,-114.0,4,32
4,80.0,0.0,4,33
1,105.0,-432.0,4,34
3,55.0,0.0,4,35
3,45.0,0.0,4,36
4,45.0,0.0,4,37
4,40.0,0.0,4,38
3,60.0,-45.0,4,39
4,80.0,0.0,4,40
4,75.0,0.0,4,41
2,120.0,0.0,4,42
2,100.0,0.0,4,43
3,60.0,-2.0,4,44
1,130.0,-339.0,4,45
1,80.0,0.0,4,46
2,115.0,0.0,4,47
4,70.0,0.0,4,48
1,80.0,0.0,4,49
4,40.0,0.0,4,50
1,130.0,0.0,4,51
1,90.0,-122.0,4,52
3,55.0,0.0,4,53
1,85.0,0.0,4,54
1,105.0,-183.0,4,55
4,75.0,0.0,4,56
2,85.0,0.0,4,57
3,45.0,-95.0,4,58
2,100.0,0.0,4,59
4,50.0,0.0,4,60
1,140.0,0.0,4,61
1,130.0,-399.0,4,62
1,120.0,-580.0,4,63
3,55.0,-98.0,4,64
3,55.0,0.0,4,65
3,40.0,-1.0,4,66
4,55.0,0.0,4,67
4,80.0,-360.0,4,68
3,75.0,0.0,4,69
3,60.0,0.0,4,70
3,70.0,-104.0,4,71
1,140.0,0.0,4,72
4,70.0,0.0,4,73
3,60.0,0.0,4,74
4,80.0,0.0,4,75
1,135.0,0.0,4,76
1,115.0,-349.0,4,77
2,85.0,0.0,4,78
2,95.0,0.0,4,79
2,100.0,-1430.0,4,80
2,95.0,0.0,4,81
1,120.0,-65.0,4,82
4,80.0,-380.0,4,83
2,125.0,0.0,4,84
1,125.0,0.0,4,85
1,130.0,-484.0,4,86
1,85.0,-232.0,4,87
1,80.0,0.0,4,88
2,110.0,0.0,4,89
1,110.0,0.0,4,90
1,110.0,0.0,4,91
3,45.0,-82.0,4,92
2,125.0,0.0,4,93
1,80.0,0.0,4,94
4,65.0,0.0,4,95
1,100.0,-924.0,4,96
2,110.0,0.0,4,97
1,95.0,-21.0,4,98
1,115.0,-160.0,4,99
2,100.0,0.0,4,100
1,130.0,-663.0,5,1
4,45.0,-300.0,5,2
4,70.0,0.0,5,3
2,100.0,0.0,5,4
2,140.0,0.0,5,5
1,140.0,-52.0,5,6
3,55.0,-45.0,5,7
4,60.0,0.0,5,8
3,60.0,0.0,5,9
4,40.0,0.0,5,10
4,50.0,0.0,5,11
4,45.0,0.0,5,12
1,90.0,-109.0,5,13
2,130.0,0.0,5,14
2,130.0,-1405.0,5,15
1,125.0,0.0,5,16
4,45.0,0.0,5,17
2,105.0,0.0,5,18
4,70.0,0.0,5,19
2,90.0,0.0,5,20
3,60.0,0.0,5,21
2,125.0,0.0,5,22
3,60.0,-62.0,5,23
3,70.0,0.0,5,24
4,80.0,0.0,5,25
1,140.0,0.0,5,26
4,45.0,0.0,5,27
2,120.0,0.0,5,28
3,40.0,-69.0,5,29
1,110.0,0.0,5,30
2,100.0,0.0,5,31
3,80.0,-114.0,5,32
3,55.0,0.0,5,33
1,100.0,0.0,5,34
4,40.0,0.0,5,35
1,95.0,-2.0,5,36
1,95.0,-579.0,5,37
1,130.0,0.0,5,38
1,105.0,-432.0,5,39
2,115.0,0.0,5,40
2,85.0,0.0,5,41
4,80.0,0.0,5,42
1,130.0,-339.0,5,43
1,80.0,0.0,5,44
1,80.0,0.0,5,45
4,75.0,0.0,5,46
1,130.0,0.0,5,47
2,100.0,0.0,5,48
3,45.0,0.0,5,49
1,90.0,-122.0,5,50
4,70.0,0.0,5,51
2,85.0,0.0,5,52
4,40.0,0.0,5,53
1,85.0,0.0,5,54
1,105.0,-183.0,5,55
4,75.0,0.0,5,56
3,60.0,-45.0,5,57
4,50.0,0.0,5,58
3,60.0,-2.0,5,59
4,55.0,0.0,5,60
4,80.0,-360.0,5,61
3,55.0,0.0,5,62
1,140.0,0.0,5,63
2,95.0,0.0,5,64
4,70.0,0.0,5,65
1,130.0,-399.0,5,66
3,45.0,-95.0,5,67
4,80.0,0.0,5,68
3,55.0,-98.0,5,69
2,100.0,-1430.0,5,70
1,120.0,-580.0,5,71
3,55.0,0.0,5,72
1,140.0,0.0,5,73
4,80.0,-380.0,5,74
2,95.0,0.0,5,75
3,40.0,-1.0,5,76
1,135.0,0.0,5,77
3,75.0,0.0,5,78
1,115.0,-349.0,5,79
2,125.0,0.0,5,80
1,120.0,-65.0,5,81
1,125.0,0.0,5,82
2,110.0,0.0,5,83
3,60.0,0.0,5,84
2,125.0,0.0,5,85
3,70.0,-104.0,5,86
4,65.0,0.0,5,87
2,110.0,0.0,5,88
2,100.0,0.0,5,89
1,130.0,-484.0,5,90
3,60.0,0.0,5,91
4,80.0,0.0,5,92
4,65.0,0.0,5,93
3,45.0,-82.0,5,94
2,80.0,0.0,5,95
1,85.0,-232.0,5,96
1,80.0,0.0,5,97
4,50.0,0.0,5,98
2,115.0,0.0,5,99
2,85.0,0.0,5,100
1,130.0,-663.0,6,1
4,45.0,-300.0,6,2
2,100.0,0.0,6,3
1,140.0,-52.0,6,4
4,70.0,0.0,6,5
1,90.0,-109.0,6,6
1,125.0,0.0,6,7
3,55.0,-45.0,6,8
1,140.0,0.0,6,9
2,140.0,0.0,6,10
3,60.0,0.0,6,11
1,110.0,0.0,6,12
2,130.0,0.0,6,13
1,100.0,0.0,6,14
3,60.0,0.0,6,15
2,130.0,-1405.0,6,16
4,60.0,0.0,6,17
3,60.0,-62.0,6,18
1,95.0,-2.0,6,19
4,40.0,0.0,6,20
2,105.0,0.0,6,21
1,95.0,-579.0,6,22
2,90.0,0.0,6,23
1,130.0,0.0,6,24
2,125.0,0.0,6,25
3,70.0,0.0,6,26
4,50.0,0.0,6,27
2,120.0,0.0,6,28
4,45.0,0.0,6,29
3,40.0,-69.0,6,30
1,105.0,-432.0,6,31
3,80.0,-114.0,6,32
1,130.0,-339.0,6,33
3,55.0,0.0,6,34
1,80.0,0.0,6,35
4,45.0,0.0,6,36
2,100.0,0.0,6,37
4,70.0,0.0,6,38
1,80.0,0.0,6,39
4,80.0,0.0,6,40
3,45.0,0.0,6,41
2,115.0,0.0,6,42
1,130.0,0.0,6,43
2,85.0,0.0,6,44
2,100.0,0.0,6,45
2,85.0,0.0,6,46
3,60.0,-45.0,6,47
4,45.0,0.0,6,48
1,90.0,-122.0,6,49
4,40.0,0.0,6,50
1,85.0,0.0,6,51
3,60.0,-2.0,6,52
2,95.0,0.0,6,53
1,105.0,-183.0,6,54
4,80.0,0.0,6,55
3,55.0,0.0,6,56
1,140.0,0.0,6,57
3,45.0,-95.0,6,58
1,130.0,-399.0,6,59
3,55.0,-98.0,6,60
1,120.0,-580.0,6,61
4,75.0,0.0,6,62
3,55.0,0.0,6,63
4,70.0,0.0,6,64
3,40.0,-1.0,6,65
1,140.0,0.0,6,66
4,40.0,0.0,6,67
3,75.0,0.0,6,68
4,75.0,0.0,6,69
3,60.0,0.0,6,70
4,50.0,0.0,6,71
2,100.0,-1430.0,6,72
2,95.0,0.0,6,73
3,70.0,-104.0,6,74
4,55.0,0.0,6,75
2,125.0,0.0,6,76
3,60.0,0.0,6,77
1,135.0,0.0,6,78
4,80.0,-360.0,6,79
3,45.0,-82.0,6,80
1,115.0,-349.0,6,81
3,75.0,0.0,6,82
4,70.0,0.0,6,83
1,120.0,-65.0,6,84
4,80.0,0.0,6,85
3,80.0,0.0,6,86
4,80.0,-380.0,6,87
2,110.0,0.0,6,88
1,125.0,0.0,6,89
2,125.0,0.0,6,90
3,50.0,0.0,6,91
4,65.0,0.0,6,92
2,110.0,0.0,6,93
1,130.0,-484.0,6,94
2,100.0,0.0,6,95
2,80.0,0.0,6,96
3,75.0,0.0,6,97
3,70.0,-141.0,6,98
2,115.0,0.0,6,99
1,85.0,-232.0,6,100
3,55.0,-45.0,7,1
1,130.0,-663.0,7,2
3,60.0,0.0,7,3
3,60.0,0.0,7,4
2,100.0,0.0,7,5
1,140.0,-52.0,7,6
4,45.0,-300.0,7,7
4,70.0,0.0,7,8
4,60.0,0.0,7,9
3,60.0,-62.0,7,10
3,70.0,0.0,7,11
3,40.0,-69.0,7,12
4,40.0,0.0,7,13
4,50.0,0.0,7,14
2,140.0,0.0,7,15
2,130.0,0.0,7,16
3,80.0,-114.0,7,17
2,130.0,-1405.0,7,18
2,105.0,0.0,7,19
2,90.0,0.0,7,20
4,45.0,0.0,7,21
4,45.0,0.0,7,22
2,125.0,0.0,7,23
1,90.0,-109.0,7,24
1,125.0,0.0,7,25
1,140.0,0.0,7,26
1,110.0,0.0,7,27
4,70.0,0.0,7,28
2,120.0,0.0,7,29
4,80.0,0.0,7,30
1,100.0,0.0,7,31
1,95.0,-2.0,7,32
2,100.0,0.0,7,33
2,115.0,0.0,7,34
4,45.0,0.0,7,35
4,40.0,0.0,7,36
4,80.0,0.0,7,37
1,95.0,-579.0,7,38
1,130.0,0.0,7,39
4,75.0,0.0,7,40
3,55.0,0.0,7,41
3,45.0,0.0,7,42
2,85.0,0.0,7,43
1,105.0,-432.0,7,44
2,100.0,0.0,7,45
4,70.0,0.0,7,46
4,40.0,0.0,7,47
1,130.0,-339.0,7,48
2,85.0,0.0,7,49
2,95.0,0.0,7,50
3,60.0,-45.0,7,51
3,60.0,-2.0,7,52
3,55.0,0.0,7,53
3,45.0,-95.0,7,54
2,100.0,-1430.0,7,55
2,95.0,0.0,7,56
2,125.0,0.0,7,57
1,80.0,0.0,7,58
1,80.0,0.0,7,59
2,110.0,0.0,7,60
2,125.0,0.0,7,61
2,110.0,0.0,7,62
2,100.0,0.0,7,63
2,80.0,0.0,7,64
3,55.0,-98.0,7,65
1,130.0,0.0,7,66
4,75.0,0.0,7,67
1,90.0,-122.0,7,68
3,55.0,0.0,7,69
4,50.0,0.0,7,70
3,40.0,-1.0,7,71
3,75.0,0.0,7,72
3,60.0,0.0,7,73
2,115.0,0.0,7,74
1,85.0,0.0,7,75
4,55.0,0.0,7,76
3,70.0,-104.0,7,77
1,105.0,-183.0,7,78
2,85.0,0.0,7,79
1,140.0,0.0,7,80
4,80.0,-360.0,7,81
1,130.0,-399.0,7,82
2,90.0,0.0,7,83
2,115.0,-1545.0,7,84
2,110.0,0.0,7,85
2,110.0,0.0,7,86
3,60.0,0.0,7,87
1,120.0,-580.0,7,88
1,140.0,0.0,7,89
1,135.0,0.0,7,90
1,115.0,-349.0,7,91
3,45.0,-82.0,7,92
3,75.0,0.0,7,93
3,80.0,0.0,7,94
4,70.0,0.0,7,95
2,85.0,0.0,7,96
2,105.0,0.0,7,97
2,110.0,0.0,7,98
4,80.0,0.0,7,99
1,120.0,-65.0,7,100
2,100.0,0.0,8,1
4,45.0,-300.0,8,2
3,55.0,-45.0,8,3
4,70.0,0.0,8,4
2,140.0,0.0,8,5
1,130.0,-663.0,8,6
4,60.0,0.0,8,7
2,130.0,0.0,8,8
3,60.0,0.0,8,9
3,60.0,0.0,8,10
3,60.0,-62.0,8,11
2,130.0,-1405.0,8,12
3,70.0,0.0,8,13
4,40.0,0.0,8,14
3,40.0,-69.0,8,15
2,105.0,0.0,8,16
4,50.0,0.0,8,17
2,90.0,0.0,8,18
3,80.0,-114.0,8,19
4,45.0,0.0,8,20
2,125.0,0.0,8,21
3,55.0,0.0,8,22
1,140.0,-52.0,8,23
3,45.0,0.0,8,24
4,45.0,0.0,8,25
1,90.0,-109.0,8,26
2,120.0,0.0,8,27
3,60.0,-45.0,8,28
2,100.0,0.0,8,29
4,70.0,0.0,8,30
1,125.0,0.0,8,31
4,80.0,0.0,8,32
2,115.0,0.0,8,33
3,60.0,-2.0,8,34
2,85.0,0.0,8,35
3,55.0,0.0,8,36
1,140.0,0.0,8,37
3,45.0,-95.0,8,38
2,100.0,0.0,8,39
1,110.0,0.0,8,40
3,55.0,-98.0,8,41
4,45.0,0.0,8,42
2,85.0,0.0,8,43
1,100.0,0.0,8,44
3,55.0,0.0,8,45
2,95.0,0.0,8,46
4,40.0,0.0,8,47
2,100.0,-1430.0,8,48
3,40.0,-1.0,8,49
2,95.0,0.0,8,50
4,80.0,0.0,8,51
3,75.0,0.0,8,52
4,75.0,0.0,8,53
2,125.0,0.0,8,54
2,110.0,0.0,8,55
3,60.0,0.0,8,56
4,70.0,0.0,8,57
2,125.0,0.0,8,58
3,70.0,-104.0,8,59
4,40.0,0.0,8,60
3,60.0,0.0,8,61
2,110.0,0.0,8,62
4,75.0,0.0,8,63
2,100.0,0.0,8,64
1,95.0,-2.0,8,65
4,50.0,0.0,8,66
1,95.0,-579.0,8,67
3,45.0,-82.0,8,68
2,80.0,0.0,8,69
3,75.0,0.0,8,70
4,55.0,0.0,8,71
2,115.0,0.0,8,72
4,80.0,-360.0,8,73
2,85.0,0.0,8,74
3,80.0,0.0,8,75
4,70.0,0.0,8,76
2,90.0,0.0,8,77
1,130.0,0.0,8,78
4,80.0,0.0,8,79
1,105.0,-432.0,8,80
4,80.0,-380.0,8,81
2,115.0,-1545.0,8,82
1,130.0,-339.0,8,83
4,65.0,0.0,8,84
3,50.0,0.0,8,85
2,110.0,0.0,8,86
1,80.0,0.0,8,87
3,75.0,0.0,8,88
2,110.0,0.0,8,89
4,80.0,0.0,8,90
4,65.0,0.0,8,91
3,70.0,-141.0,8,92
1,80.0,0.0,8,93
4,50.0,0.0,8,94
2,85.0,0.0,8,95
1,130.0,0.0,8,96
4,60.0,0.0,8,97
1,90.0,-122.0,8,98
2,105.0,0.0,8,99
4,80.0,0.0,8,100
4,45.0,-300.0,9,1
2,100.0,0.0,9,2
2,140.0,0.0,9,3
4,70.0,0.0,9,4
3,55.0,-45.0,9,5
1,130.0,-663.0,9,6
4,60.0,0.0,9,7
3,60.0,0.0,9,8
1,140.0,-52.0,9,9
2,130.0,0.0,9,10
1,90.0,-109.0,9,11
4,40.0,0.0,9,12
3,60.0,0.0,9,13
1,125.0,0.0,9,14
1,140.0,0.0,9,15
2,130.0,-1405.0,9,16
2,105.0,0.0,9,17
3,60.0,-62.0,9,18
1,110.0,0.0,9,19
2,90.0,0.0,9,20
3,70.0,0.0,9,21
4,50.0,0.0,9,22
3,40.0,-69.0,9,23
4,45.0,0.0,9,24
3,80.0,-114.0,9,25
1,100.0,0.0,9,26
2,125.0,0.0,9,27
4,45.0,0.0,9,28
3,55.0,0.0,9,29
1,95.0,-2.0,9,30
4,70.0,0.0,9,31
2,120.0,0.0,9,32
3,45.0,0.0,9,33
2,100.0,0.0,9,34
3,60.0,-45.0,9,35
1,95.0,-579.0,9,36
2,115.0,0.0,9,37
3,60.0,-2.0,9,38
1,130.0,0.0,9,39
2,85.0,0.0,9,40
4,80.0,0.0,9,41
2,100.0,0.0,9,42
4,45.0,0.0,9,43
2,85.0,0.0,9,44
2,95.0,0.0,9,45
2,100.0,-1430.0,9,46
3,55.0,0.0,9,47
3,45.0,-95.0,9,48
4,40.0,0.0,9,49
3,55.0,-98.0,9,50
2,95.0,0.0,9,51
1,105.0,-432.0,9,52
4,80.0,0.0,9,53
2,125.0,0.0,9,54
4,75.0,0.0,9,55
1,130.0,-339.0,9,56
4,70.0,0.0,9,57
2,110.0,0.0,9,58
3,55.0,0.0,9,59
4,40.0,0.0,9,60
3,40.0,-1.0,9,61
4,75.0,0.0,9,62
3,75.0,0.0,9,63
1,80.0,0.0,9,64
4,50.0,0.0,9,65
3,60.0,0.0,9,66
2,125.0,0.0,9,67
2,110.0,0.0,9,68
1,80.0,0.0,9,69
2,100.0,0.0,9,70
1,130.0,0.0,9,71
3,70.0,-104.0,9,72
4,55.0,0.0,9,73
2,80.0,0.0,9,74
1,90.0,-122.0,9,75
4,80.0,-360.0,9,76
3,60.0,0.0,9,77
2,115.0,0.0,9,78
2,85.0,0.0,9,79
3,45.0,-82.0,9,80
1,85.0,0.0,9,81
3,75.0,0.0,9,82
1,105.0,-183.0,9,83
4,70.0,0.0,9,84
2,90.0,0.0,9,85
3,80.0,0.0,9,86
1,140.0,0.0,9,87
1,130.0,-399.0,9,88
4,80.0,0.0,9,89
2,115.0,-1545.0,9,90
3,50.0,0.0,9,91
2,110.0,0.0,9,92
3,75.0,0.0,9,93
1,120.0,-580.0,9,94
3,70.0,-141.0,9,95
1,140.0,0.0,9,96
2,110.0,0.0,9,97
1,135.0,0.0,9,98
3,80.0,-31.0,9,99
2,85.0,0.0,9,100
2,100.0,0.0,10,1
1,130.0,-663.0,10,2
4,45.0,-300.0,10,3
4,70.0,0.0,10,4
4,60.0,0.0,10,5
3,55.0,-45.0,10,6
1,140.0,-52.0,10,7
2,140.0,0.0,10,8
3,60.0,0.0,10,9
4,40.0,0.0,10,10
3,60.0,0.0,10,11
3,60.0,-62.0,10,12
3,70.0,0.0,10,13
3,40.0,-69.0,10,14
1,90.0,-109.0,10,15
2,130.0,0.0,10,16
2,130.0,-1405.0,10,17
1,125.0,0.0,10,18
4,50.0,0.0,10,19
2,105.0,0.0,10,20
1,140.0,0.0,10,21
4,45.0,0.0,10,22
1,110.0,0.0,10,23
1,100.0,0.0,10,24
4,45.0,0.0,10,25
2,90.0,0.0,10,26
1,95.0,-2.0,10,27
2,125.0,0.0,10,28
3,80.0,-114.0,10,29
2,120.0,0.0,10,30
2,100.0,0.0,10,31
2,115.0,0.0,10,32
2,85.0,0.0,10,33
1,95.0,-579.0,10,34
1,130.0,0.0,10,35
1,105.0,-432.0,10,36
1,130.0,-339.0,10,37
4,70.0,0.0,10,38
4,80.0,0.0,10,39
4,45.0,0.0,10,40
1,80.0,0.0,10,41
4,40.0,0.0,10,42
3,55.0,0.0,10,43
1,80.0,0.0,10,44
4,80.0,0.0,10,45
4,75.0,0.0,10,46
1,130.0,0.0,10,47
1,90.0,-122.0,10,48
3,45.0,0.0,10,49
3,60.0,-45.0,10,50
3,60.0,-2.0,10,51
3,55.0,0.0,10,52
3,45.0,-95.0,10,53
3,55.0,-98.0,10,54
1,85.0,0.0,10,55
3,55.0,0.0,10,56
4,70.0,0.0,10,57
4,40.0,0.0,10,58
3,40.0,-1.0,10,59
3,75.0,0.0,10,60
1,105.0,-183.0,10,61
1,140.0,0.0,10,62
1,130.0,-399.0,10,63
4,75.0,0.0,10,64
3,60.0,0.0,10,65
2,100.0,0.0,10,66
1,120.0,-580.0,10,67
3,70.0,-104.0,10,68
4,50.0,0.0,10,69
1,140.0,0.0,10,70
2,85.0,0.0,10,71
3,60.0,0.0,10,72
3,45.0,-82.0,10,73
4,55.0,0.0,10,74
2,95.0,0.0,10,75
2,100.0,-1430.0,10,76
1,135.0,0.0,10,77
4,80.0,-360.0,10,78
1,115.0,-349.0,10,79
1,120.0,-65.0,10,80
2,95.0,0.0,10,81
3,75.0,0.0,10,82
4,70.0,0.0,10,83
2,125.0,0.0,10,84
2,110.0,0.0,10,85
4,80.0,0.0,10,86
1,125.0,0.0,10,87
3,80.0,0.0,10,88
3,50.0,0.0,10,89
4,80.0,-380.0,10,90
4,65.0,0.0,10,91
2,125.0,0.0,10,92
2,110.0,0.0,10,93
2,100.0,0.0,10,94
2,80.0,0.0,10,95
1,130.0,-484.0,10,96
4,80.0,0.0,10,97
1,85.0,-232.0,10,98
1,80.0,0.0,10,99
1,110.0,0.0,10,100
2,100.0,0.0,11,1
1,130.0,-663.0,11,2
2,140.0,0.0,11,3
4,45.0,-300.0,11,4
2,130.0,0.0,11,5
2,130.0,-1405.0,11,6
3,55.0,-45.0,11,7
1,140.0,-52.0,11,8
3,60.0,0.0,11,9
4,70.0,0.0,11,10
2,105.0,0.0,11,11
2,90.0,0.0,11,12
4,60.0,0.0,11,13
3,60.0,0.0,11,14
1,90.0,-109.0,11,15
1,125.0,0.0,11,16
1,140.0,0.0,11,17
4,40.0,0.0,11,18
4,50.0,0.0,11,19
1,110.0,0.0,11,20
2,125.0,0.0,11,21
2,120.0,0.0,11,22
4,45.0,0.0,11,23
1,100.0,0.0,11,24
3,60.0,-62.0,11,25
4,45.0,0.0,11,26
2,100.0,0.0,11,27
1,95.0,-2.0,11,28
1,95.0,-579.0,11,29
3,70.0,0.0,11,30
4,70.0,0.0,11,31
3,40.0,-69.0,11,32
2,115.0,0.0,11,33
4,80.0,0.0,11,34
2,85.0,0.0,11,35
3,80.0,-114.0,11,36
3,55.0,0.0,11,37
4,45.0,0.0,11,38
4,40.0,0.0,11,39
3,45.0,0.0,11,40
1,130.0,0.0,11,41
3,60.0,-45.0,11,42
3,60.0,-2.0,11,43
4,80.0,0.0,11,44
1,105.0,-432.0,11,45
4,75.0,0.0,11,46
3,55.0,0.0,11,47
2,100.0,0.0,11,48
3,45.0,-95.0,11,49
4,70.0,0.0,11,50
2,85.0,0.0,11,51
1,130.0,-339.0,11,52
1,80.0,0.0,11,53
1,80.0,0.0,11,54
3,55.0,-98.0,11,55
4,40.0,0.0,11,56
4,75.0,0.0,11,57
3,55.0,0.0,11,58
4,50.0,0.0,11,59
1,130.0,0.0,11,60
1,90.0,-122.0,11,61
3,40.0,-1.0,11,62
4,55.0,0.0,11,63
3,75.0,0.0,11,64
2,95.0,0.0,11,65
2,100.0,-1430.0,11,66
3,60.0,0.0,11,67
3,70.0,-104.0,11,68
3,60.0,0.0,11,69
4,80.0,-360.0,11,70
4,70.0,0.0,11,71
4,80.0,0.0,11,72
3,45.0,-82.0,11,73
2,95.0,0.0,11,74
1,85.0,0.0,11,75
1,105.0,-183.0,11,76
2,125.0,0.0,11,77
4,80.0,-380.0,11,78
2,110.0,0.0,11,79
4,65.0,0.0,11,80
2,125.0,0.0,11,81
1,140.0,0.0,11,82
2,110.0,0.0,11,83
1,130.0,-399.0,11,84
4,80.0,0.0,11,85
1,120.0,-580.0,11,86
3,75.0,0.0,11,87
4,65.0,0.0,11,88
2,100.0,0.0,11,89
3,80.0,0.0,11,90
4,50.0,0.0,11,91
2,80.0,0.0,11,92
3,50.0,0.0,11,93
2,115.0,0.0,11,94
1,140.0,0.0,11,95
2,85.0,0.0,11,96
1,135.0,0.0,11,97
2,90.0,0.0,11,98
4,60.0,0.0,11,99
3,75.0,0.0,11,100
2,100.0,0.0,12,1
3,55.0,-45.0,12,2
1,130.0,-663.0,12,3
1,140.0,-52.0,12,4
2,140.0,0.0,12,5
3,60.0,0.0,12,6
4,45.0,-300.0,12,7
1,90.0,-109.0,12,8
3,60.0,0.0,12,9
2,130.0,0.0,12,10
2,130.0,-1405.0,12,11
1,125.0,0.0,12,12
2,105.0,0.0,12,13
4,70.0,0.0,12,14
3,60.0,-62.0,12,15
2,90.0,0.0,12,16
4,60.0,0.0,12,17
1,140.0,0.0,12,18
3,70.0,0.0,12,19
1,110.0,0.0,12,20
4,40.0,0.0,12,21
1,100.0,0.0,12,22
2,125.0,0.0,12,23
3,40.0,-69.0,12,24
4,50.0,0.0,12,25
2,120.0,0.0,12,26
1,95.0,-2.0,12,27
1,95.0,-579.0,12,28
2,100.0,0.0,12,29
1,130.0,0.0,12,30
1,105.0,-432.0,12,31
3,80.0,-114.0,12,32
2,115.0,0.0,12,33
3,55.0,0.0,12,34
3,45.0,0.0,12,35
2,85.0,0.0,12,36
1,130.0,-339.0,12,37
3,60.0,-45.0,12,38
3,60.0,-2.0,12,39
1,80.0,0.0,12,40
3,55.0,0.0,12,41
4,45.0,0.0,12,42
2,100.0,0.0,12,43
1,80.0,0.0,12,44
3,45.0,-95.0,12,45
3,55.0,-98.0,12,46
3,55.0,0.0,12,47
3,40.0,-1.0,12,48
1,130.0,0.0,12,49
1,90.0,-122.0,12,50
3,75.0,0.0,12,51
4,45.0,0.0,12,52
4,70.0,0.0,12,53
2,85.0,0.0,12,54
3,60.0,0.0,12,55
2,95.0,0.0,12,56
4,80.0,0.0,12,57
1,85.0,0.0,12,58
3,70.0,-104.0,12,59
4,45.0,0.0,12,60
4,40.0,0.0,12,61
2,100.0,-1430.0,12,62
2,95.0,0.0,12,63
3,60.0,0.0,12,64
2,125.0,0.0,12,65
3,45.0,-82.0,12,66
4,80.0,0.0,12,67
3,75.0,0.0,12,68
3,80.0,0.0,12,69
1,105.0,-183.0,12,70
4,75.0,0.0,12,71
2,110.0,0.0,12,72
4,70.0,0.0,12,73
3,50.0,0.0,12,74
3,75.0,0.0,12,75
3,70.0,-141.0,12,76
1,140.0,0.0,12,77
4,40.0,0.0,12,78
4,75.0,0.0,12,79
1,130.0,-399.0,12,80
2,125.0,0.0,12,81
1,120.0,-580.0,12,82
4,50.0,0.0,12,83
4,55.0,0.0,12,84
2,110.0,0.0,12,85
3,80.0,-31.0,12,86
1,140.0,0.0,12,87
1,135.0,0.0,12,88
1,115.0,-349.0,12,89
4,80.0,-360.0,12,90
4,70.0,0.0,12,91
2,100.0,0.0,12,92
2,80.0,0.0,12,93
4,80.0,0.0,12,94
4,80.0,-380.0,12,95
2,115.0,0.0,12,96
1,120.0,-65.0,12,97
2,85.0,0.0,12,98
3,40.0,-20.0,12,99
2,90.0,0.0,12,100
2,100.0,0.0,13,1
2,140.0,0.0,13,2
2,130.0,0.0,13,3
1,130.0,-663.0,13,4
1,140.0,-52.0,13,5
1,90.0,-109.0,13,6
3,55.0,-45.0,13,7
2,130.0,-1405.0,13,8
4,45.0,-300.0,13,9
4,70.0,0.0,13,10
4,60.0,0.0,13,11
2,105.0,0.0,13,12
2,90.0,0.0,13,13
1,125.0,0.0,13,14
1,140.0,0.0,13,15
3,60.0,0.0,13,16
1,110.0,0.0,13,17
1,100.0,0.0,13,18
1,95.0,-2.0,13,19
4,40.0,0.0,13,20
4,50.0,0.0,13,21
4,45.0,0.0,13,22
3,60.0,0.0,13,23
1,95.0,-579.0,13,24
2,125.0,0.0,13,25
2,120.0,0.0,13,26
4,45.0,0.0,13,27
4,70.0,0.0,13,28
4,80.0,0.0,13,29
4,45.0,0.0,13,30
2,100.0,0.0,13,31
4,40.0,0.0,13,32
4,80.0,0.0,13,33
3,60.0,-62.0,13,34
3,70.0,0.0,13,35
1,130.0,0.0,13,36
1,105.0,-432.0,13,37
2,115.0,0.0,13,38
4,75.0,0.0,13,39
2,85.0,0.0,13,40
2,100.0,0.0,13,41
2,85.0,0.0,13,42
3,40.0,-69.0,13,43
4,70.0,0.0,13,44
4,40.0,0.0,13,45
1,130.0,-339.0,13,46
1,80.0,0.0,13,47
3,80.0,-114.0,13,48
1,80.0,0.0,13,49
1,130.0,0.0,13,50
3,55.0,0.0,13,51
3,45.0,0.0,13,52
3,60.0,-45.0,13,53
2,95.0,0.0,13,54
1,90.0,-122.0,13,55
1,85.0,0.0,13,56
4,75.0,0.0,13,57
4,50.0,0.0,13,58
2,100.0,-1430.0,13,59
2,95.0,0.0,13,60
3,60.0,-2.0,13,61
4,55.0,0.0,13,62
2,125.0,0.0,13,63
2,110.0,0.0,13,64
4,80.0,-360.0,13,65
2,125.0,0.0,13,66
2,110.0,0.0,13,67
4,70.0,0.0,13,68
4,80.0,0.0,13,69
4,80.0,-380.0,13,70
1,105.0,-183.0,13,71
1,140.0,0.0,13,72
3,55.0,0.0,13,73
1,130.0,-399.0,13,74
1,120.0,-580.0,13,75
3,45.0,-95.0,13,76
4,65.0,0.0,13,77
4,80.0,0.0,13,78
2,100.0,0.0,13,79
2,80.0,0.0,13,80
2,115.0,0.0,13,81
2,85.0,0.0,13,82
2,90.0,0.0,13,83
2,115.0,-1545.0,13,84
2,110.0,0.0,13,85
1,140.0,0.0,13,86
3,55.0,-98.0,13,87
1,135.0,0.0,13,88
1,115.0,-349.0,13,89
1,120.0,-65.0,13,90
4,65.0,0.0,13,91
3,55.0,0.0,13,92
3,40.0,-1.0,13,93
4,50.0,0.0,13,94
4,60.0,0.0,13,95
4,80.0,0.0,13,96
4,80.0,0.0,13,97
1,125.0,0.0,13,98
1,130.0,-484.0,13,99
1,85.0,-232.0,13,100
3,55.0,-45.0,14,1
3,60.0,0.0,14,2
3,60.0,0.0,14,3
3,60.0,-62.0,14,4
3,70.0,0.0,14,5
3,40.0,-69.0,14,6
1,130.0,-663.0,14,7
1,140.0,-52.0,14,8
1,90.0,-109.0,14,9
1,125.0,0.0,14,10
1,140.0,0.0,14,11
1,110.0,0.0,14,12
3,80.0,-114.0,14,13
3,55.0,0.0,14,14
3,45.0,0.0,14,15
2,100.0,0.0,14,16
2,140.0,0.0,14,17
3,60.0,-45.0,14,18
2,130.0,0.0,14,19
3,60.0,-2.0,14,20
4,45.0,-300.0,14,21
1,100.0,0.0,14,22
4,70.0,0.0,14,23
2,130.0,-1405.0,14,24
2,105.0,0.0,14,25
2,90.0,0.0,14,26
3,55.0,0.0,14,27
3,45.0,-95.0,14,28
3,55.0,-98.0,14,29
4,60.0,0.0,14,30
1,95.0,-2.0,14,31
1,95.0,-579.0,14,32
2,125.0,0.0,14,33
1,130.0,0.0,14,34
1,105.0,-432.0,14,35
3,55.0,0.0,14,36
3,40.0,-1.0,14,37
3,75.0,0.0,14,38
3,60.0,0.0,14,39
3,70.0,-104.0,14,40
3,60.0,0.0,14,41
3,45.0,-82.0,14,42
3,75.0,0.0,14,43
1,130.0,-339.0,14,44
2,120.0,0.0,14,45
2,100.0,0.0,14,46
1,80.0,0.0,14,47
1,80.0,0.0,14,48
1,130.0,0.0,14,49
1,90.0,-122.0,14,50
1,85.0,0.0,14,51
1,105.0,-183.0,14,52
3,80.0,0.0,14,53
3,50.0,0.0,14,54
1,140.0,0.0,14,55
1,130.0,-399.0,14,56
1,120.0,-580.0,14,57
1,140.0,0.0,14,58
1,135.0,0.0,14,59
2,115.0,0.0,14,60
2,85.0,0.0,14,61
2,100.0,0.0,14,62
3,75.0,0.0,14,63
4,40.0,0.0,14,64
3,70.0,-141.0,14,65
3,80.0,-31.0,14,66
1,115.0,-349.0,14,67
1,120.0,-65.0,14,68
1,125.0,0.0,14,69
1,130.0,-484.0,14,70
1,85.0,-232.0,14,71
3,40.0,-20.0,14,72
3,65.0,-46.0,14,73
4,50.0,0.0,14,74
4,45.0,0.0,14,75
4,45.0,0.0,14,76
4,70.0,0.0,14,77
4,80.0,0.0,14,78
4,45.0,0.0,14,79
4,40.0,0.0,14,80
4,80.0,0.0,14,81
4,75.0,0.0,14,82
4,70.0,0.0,14,83
4,40.0,0.0,14,84
1,80.0,0.0,14,85
3,40.0,0.0,14,86
3,45.0,-152.0,14,87
3,40.0,-18.0,14,88
3,65.0,0.0,14,89
3,45.0,0.0,14,90
2,85.0,0.0,14,91
2,95.0,0.0,14,92
2,100.0,-1430.0,14,93
4,75.0,0.0,14,94
4,50.0,0.0,14,95
3,80.0,0.0,14,96
1,110.0,0.0,14,97
1,110.0,0.0,14,98
1,80.0,0.0,14,99
2,95.0,0.0,14,100
1,130.0,-663.0,15,1
1,140.0,-52.0,15,2
1,90.0,-109.0,15,3
1,125.0,0.0,15,4
1,140.0,0.0,15,5
4,45.0,-300.0,15,6
4,70.0,0.0,15,7
4,60.0,0.0,15,8
2,100.0,0.0,15,9
2,140.0,0.0,15,10
4,40.0,0.0,15,11
1,110.0,0.0,15,12
3,55.0,-45.0,15,13
3,60.0,0.0,15,14
3,60.0,0.0,15,15
3,60.0,-62.0,15,16
3,70.0,0.0,15,17
4,50.0,0.0,15,18
4,45.0,0.0,15,19
4,45.0,0.0,15,20
4,70.0,0.0,15,21
4,80.0,0.0,15,22
2,130.0,0.0,15,23
2,130.0,-1405.0,15,24
2,105.0,0.0,15,25
2,90.0,0.0,15,26
4,45.0,0.0,15,27
4,40.0,0.0,15,28
4,80.0,0.0,15,29
4,75.0,0.0,15,30
4,70.0,0.0,15,31
4,40.0,0.0,15,32
3,40.0,-69.0,15,33
3,80.0,-114.0,15,34
3,55.0,0.0,15,35
3,45.0,0.0,15,36
3,60.0,-45.0,15,37
3,60.0,-2.0,15,38
2,125.0,0.0,15,39
2,120.0,0.0,15,40
2,100.0,0.0,15,41
1,100.0,0.0,15,42
1,95.0,-2.0,15,43
1,95.0,-579.0,15,44
3,55.0,0.0,15,45
4,75.0,0.0,15,46
4,50.0,0.0,15,47
4,55.0,0.0,15,48
3,45.0,-95.0,15,49
3,55.0,-98.0,15,50
3,55.0,0.0,15,51
3,40.0,-1.0,15,52
4,80.0,-360.0,15,53
3,75.0,0.0,15,54
3,60.0,0.0,15,55
3,70.0,-104.0,15,56
3,60.0,0.0,15,57
3,45.0,-82.0,15,58
3,75.0,0.0,15,59
3,80.0,0.0,15,60
1,130.0,0.0,15,61
1,105.0,-432.0,15,62
1,130.0,-339.0,15,63
1,80.0,0.0,15,64
1,80.0,0.0,15,65
3,50.0,0.0,15,66
3,75.0,0.0,15,67
3,70.0,-141.0,15,68
2,115.0,0.0,15,69
2,85.0,0.0,15,70
2,100.0,0.0,15,71
2,85.0,0.0,15,72
2,95.0,0.0,15,73
2,100.0,-1430.0,15,74
2,95.0,0.0,15,75
2,125.0,0.0,15,76
2,110.0,0.0,15,77
2,125.0,0.0,15,78
2,110.0,0.0,15,79
2,100.0,0.0,15,80
2,80.0,0.0,15,81
2,115.0,0.0,15,82
2,85.0,0.0,15,83
2,90.0,0.0,15,84
2,115.0,-1545.0,15,85
2,110.0,0.0,15,86
2,110.0,0.0,15,87
2,85.0,0.0,15,88
2,105.0,0.0,15,89
2,110.0,0.0,15,90
2,105.0,-1845.0,15,91
3,80.0,-31.0,15,92
3,40.0,-20.0,15,93
3,65.0,-46.0,15,94
1,130.0,0.0,15,95
1,90.0,-122.0,15,96
1,85.0,0.0,15,97
1,105.0,-183.0,15,98
1,140.0,0.0,15,99
1,130.0,-399.0,15,100
1,130.0,-663.0,16,1
1,140.0,-52.0,16,2
1,90.0,-109.0,16,3
4,45.0,-300.0,16,4
4,70.0,0.0,16,5
2,100.0,0.0,16,6
2,140.0,0.0,16,7
2,130.0,0.0,16,8
4,60.0,0.0,16,9
1,125.0,0.0,16,10
1,140.0,0.0,16,11
1,110.0,0.0,16,12
2,130.0,-1405.0,16,13
2,105.0,0.0,16,14
2,90.0,0.0,16,15
2,125.0,0.0,16,16
2,120.0,0.0,16,17
2,100.0,0.0,16,18
3,55.0,-45.0,16,19
2,115.0,0.0,16,20
2,85.0,0.0,16,21
2,100.0,0.0,16,22
4,40.0,0.0,16,23
3,60.0,0.0,16,24
3,60.0,0.0,16,25
3,60.0,-62.0,16,26
2,85.0,0.0,16,27
2,95.0,0.0,16,28
1,100.0,0.0,16,29
1,95.0,-2.0,16,30
2,100.0,-1430.0,16,31
2,95.0,0.0,16,32
1,95.0,-579.0,16,33
1,130.0,0.0,16,34
1,105.0,-432.0,16,35
1,130.0,-339.0,16,36
2,125.0,0.0,16,37
3,70.0,0.0,16,38
4,50.0,0.0,16,39
2,110.0,0.0,16,40
2,125.0,0.0,16,41
1,80.0,0.0,16,42
4,45.0,0.0,16,43
3,40.0,-69.0,16,44
1,80.0,0.0,16,45
1,130.0,0.0,16,46
1,90.0,-122.0,16,47
1,85.0,0.0,16,48
1,105.0,-183.0,16,49
1,140.0,0.0,16,50
1,130.0,-399.0,16,51
1,120.0,-580.0,16,52
4,45.0,0.0,16,53
1,140.0,0.0,16,54
2,110.0,0.0,16,55
4,70.0,0.0,16,56
4,80.0,0.0,16,57
4,45.0,0.0,16,58
4,40.0,0.0,16,59
4,80.0,0.0,16,60
4,75.0,0.0,16,61
4,70.0,0.0,16,62
4,40.0,0.0,16,63
4,75.0,0.0,16,64
4,50.0,0.0,16,65
4,55.0,0.0,16,66
1,135.0,0.0,16,67
1,115.0,-349.0,16,68
2,100.0,0.0,16,69
2,80.0,0.0,16,70
1,120.0,-65.0,16,71
1,125.0,0.0,16,72
4,80.0,-360.0,16,73
4,70.0,0.0,16,74
4,80.0,0.0,16,75
2,115.0,0.0,16,76
2,85.0,0.0,16,77
3,80.0,-114.0,16,78
4,80.0,-380.0,16,79
4,65.0,0.0,16,80
2,90.0,0.0,16,81
2,115.0,-1545.0,16,82
2,110.0,0.0,16,83
2,110.0,0.0,16,84
2,85.0,0.0,16,85
2,105.0,0.0,16,86
2,110.0,0.0,16,87
2,105.0,-1845.0,16,88
1,130.0,-484.0,16,89
3,55.0,0.0,16,90
3,45.0,0.0,16,91
1,85.0,-232.0,16,92
3,60.0,-45.0,16,93
3,60.0,-2.0,16,94
4,80.0,0.0,16,95
4,65.0,0.0,16,96
4,50.0,0.0,16,97
4,60.0,0.0,16,98
1,80.0,0.0,16,99
3,55.0,0.0,16,100
2,100.0,0.0,17,1
4,45.0,-300.0,17,2
1,130.0,-663.0,17,3
1,140.0,-52.0,17,4
3,55.0,-45.0,17,5
1,90.0,-109.0,17,6
1,125.0,0.0,17,7
1,140.0,0.0,17,8
1,110.0,0.0,17,9
1,100.0,0.0,17,10
2,140.0,0.0,17,11
2,130.0,0.0,17,12
1,95.0,-2.0,17,13
2,130.0,-1405.0,17,14
2,105.0,0.0,17,15
3,60.0,0.0,17,16
3,60.0,0.0,17,17
4,70.0,0.0,17,18
4,60.0,0.0,17,19
3,60.0,-62.0,17,20
3,70.0,0.0,17,21
3,40.0,-69.0,17,22
4,40.0,0.0,17,23
2,90.0,0.0,17,24
4,50.0,0.0,17,25
3,80.0,-114.0,17,26
1,95.0,-579.0,17,27
4,45.0,0.0,17,28
2,125.0,0.0,17,29
3,55.0,0.0,17,30
4,45.0,0.0,17,31
1,130.0,0.0,17,32
2,120.0,0.0,17,33
2,100.0,0.0,17,34
1,105.0,-432.0,17,35
4,70.0,0.0,17,36
4,80.0,0.0,17,37
3,45.0,0.0,17,38
1,130.0,-339.0,17,39
3,60.0,-45.0,17,40
4,45.0,0.0,17,41
4,40.0,0.0,17,42
3,60.0,-2.0,17,43
3,55.0,0.0,17,44
3,45.0,-95.0,17,45
2,115.0,0.0,17,46
3,55.0,-98.0,17,47
2,85.0,0.0,17,48
4,80.0,0.0,17,49
1,80.0,0.0,17,50
1,80.0,0.0,17,51
1,130.0,0.0,17,52
1,90.0,-122.0,17,53
2,100.0,0.0,17,54
2,85.0,0.0,17,55
1,85.0,0.0,17,56
1,105.0,-183.0,17,57
3,55.0,0.0,17,58
2,95.0,0.0,17,59
2,100.0,-1430.0,17,60
3,40.0,-1.0,17,61
3,75.0,0.0,17,62
3,60.0,0.0,17,63
2,95.0,0.0,17,64
4,75.0,0.0,17,65
3,70.0,-104.0,17,66
3,60.0,0.0,17,67
4,70.0,0.0,17,68
1,140.0,0.0,17,69
4,40.0,0.0,17,70
2,125.0,0.0,17,71
3,45.0,-82.0,17,72
3,75.0,0.0,17,73
3,80.0,0.0,17,74
1,130.0,-399.0,17,75
4,75.0,0.0,17,76
1,120.0,-580.0,17,77
4,50.0,0.0,17,78
2,110.0,0.0,17,79
2,125.0,0.0,17,80
2,110.0,0.0,17,81
4,55.0,0.0,17,82
3,50.0,0.0,17,83
3,75.0,0.0,17,84
3,70.0,-141.0,17,85
3,80.0,-31.0,17,86
4,80.0,-360.0,17,87
3,40.0,-20.0,17,88
4,70.0,0.0,17,89
4,80.0,0.0,17,90
4,80.0,-380.0,17,91
2,100.0,0.0,17,92
1,140.0,0.0,17,93
1,135.0,0.0,17,94
1,115.0,-349.0,17,95
3,65.0,-46.0,17,96
1,120.0,-65.0,17,97
3,40.0,0.0,17,98
2,80.0,0.0,17,99
3,45.0,-152.0,17,100
1,130.0,-663.0,18,1
2,100.0,0.0,18,2
4,45.0,-300.0,18,3
4,70.0,0.0,18,4
2,140.0,0.0,18,5
1,140.0,-52.0,18,6
2,130.0,0.0,18,7
2,130.0,-1405.0,18,8
1,90.0,-109.0,18,9
2,105.0,0.0,18,10
1,125.0,0.0,18,11
1,140.0,0.0,18,12
4,60.0,0.0,18,13
4,40.0,0.0,18,14
4,50.0,0.0,18,15
3,55.0,-45.0,18,16
2,90.0,0.0,18,17
3,60.0,0.0,18,18
4,45.0,0.0,18,19
4,45.0,0.0,18,20
3,60.0,0.0,18,21
1,110.0,0.0,18,22
3,60.0,-62.0,18,23
4,70.0,0.0,18,24
3,70.0,0.0,18,25
3,40.0,-69.0,18,26
3,80.0,-114.0,18,27
3,55.0,0.0,18,28
3,45.0,0.0,18,29
1,100.0,0.0,18,30
3,60.0,-45.0,18,31
3,60.0,-2.0,18,32
3,55.0,0.0,18,33
1,95.0,-2.0,18,34
3,45.0,-95.0,18,35
4,80.0,0.0,18,36
1,95.0,-579.0,18,37
1,130.0,0.0,18,38
2,125.0,0.0,18,39
2,120.0,0.0,18,40
3,55.0,-98.0,18,41
3,55.0,0.0,18,42
4,45.0,0.0,18,43
4,40.0,0.0,18,44
3,40.0,-1.0,18,45
4,80.0,0.0,18,46
1,105.0,-432.0,18,47
4,75.0,0.0,18,48
4,70.0,0.0,18,49
4,40.0,0.0,18,50
4,75.0,0.0,18,51
4,50.0,0.0,18,52
1,130.0,-339.0,18,53
2,100.0,0.0,18,54
3,75.0,0.0,18,55
4,55.0,0.0,18,56
4,80.0,-360.0,18,57
4,70.0,0.0,18,58
4,80.0,0.0,18,59
3,60.0,0.0,18,60
3,70.0,-104.0,18,61
1,80.0,0.0,18,62
1,80.0,0.0,18,63
2,115.0,0.0,18,64
4,80.0,-380.0,18,65
1,130.0,0.0,18,66
1,90.0,-122.0,18,67
4,65.0,0.0,18,68
3,60.0,0.0,18,69
3,45.0,-82.0,18,70
3,75.0,0.0,18,71
3,80.0,0.0,18,72
4,80.0,0.0,18,73
2,85.0,0.0,18,74
1,85.0,0.0,18,75
1,105.0,-183.0,18,76
2,100.0,0.0,18,77
1,140.0,0.0,18,78
1,130.0,-399.0,18,79
1,120.0,-580.0,18,80
2,85.0,0.0,18,81
4,65.0,0.0,18,82
4,50.0,0.0,18,83
4,60.0,0.0,18,84
4,80.0,0.0,18,85
4,80.0,0.0,18,86
4,40.0,0.0,18,87
4,50.0,-245.0,18,88
1,140.0,0.0,18,89
1,135.0,0.0,18,90
4,55.0,0.0,18,91
3,50.0,0.0,18,92
1,115.0,-349.0,18,93
1,120.0,-65.0,18,94
2,95.0,0.0,18,95
1,125.0,0.0,18,96
4,70.0,0.0,18,97
3,75.0,0.0,18,98
2,100.0,-1430.0,18,99
4,60.0,0.0,18,100
3,55.0,-45.0,19,1
1,130.0,-663.0,19,2
1,140.0,-52.0,19,3
3,60.0,0.0,19,4
2,100.0,0.0,19,5
2,140.0,0.0,19,6
4,45.0,-300.0,19,7
4,70.0,0.0,19,8
1,90.0,-109.0,19,9
1,125.0,0.0,19,10
1,140.0,0.0,19,11
4,60.0,0.0,19,12
2,130.0,0.0,19,13
3,60.0,0.0,19,14
3,60.0,-62.0,19,15
2,130.0,-1405.0,19,16
2,105.0,0.0,19,17
1,110.0,0.0,19,18
3,70.0,0.0,19,19
3,40.0,-69.0,19,20
1,100.0,0.0,19,21
3,80.0,-114.0,19,22
3,55.0,0.0,19,23
4,40.0,0.0,19,24
3,45.0,0.0,19,25
3,60.0,-45.0,19,26
4,50.0,0.0,19,27
3,60.0,-2.0,19,28
1,95.0,-2.0,19,29
2,90.0,0.0,19,30
2,125.0,0.0,19,31
1,95.0,-579.0,19,32
1,130.0,0.0,19,33
4,45.0,0.0,19,34
4,45.0,0.0,19,35
3,55.0,0.0,19,36
1,105.0,-432.0,19,37
1,130.0,-339.0,19,38
3,45.0,-95.0,19,39
3,55.0,-98.0,19,40
4,70.0,0.0,19,41
2,120.0,0.0,19,42
1,80.0,0.0,19,43
3,55.0,0.0,19,44
3,40.0,-1.0,19,45
3,75.0,0.0,19,46
2,100.0,0.0,19,47
1,80.0,0.0,19,48
2,115.0,0.0,19,49
4,80.0,0.0,19,50
4,45.0,0.0,19,51
4,40.0,0.0,19,52
4,80.0,0.0,19,53
4,75.0,0.0,19,54
1,130.0,0.0,19,55
3,60.0,0.0,19,56
4,70.0,0.0,19,57
1,90.0,-122.0,19,58
1,85.0,0.0,19,59
2,85.0,0.0,19,60
2,100.0,0.0,19,61
2,85.0,0.0,19,62
2,95.0,0.0,19,63
3,70.0,-104.0,19,64
3,60.0,0.0,19,65
3,45.0,-82.0,19,66
3,75.0,0.0,19,67
2,100.0,-1430.0,19,68
2,95.0,0.0,19,69
2,125.0,0.0,19,70
1,105.0,-183.0,19,71
3,80.0,0.0,19,72
3,50.0,0.0,19,73
4,40.0,0.0,19,74
4,75.0,0.0,19,75
1,140.0,0.0,19,76
1,130.0,-399.0,19,77
4,50.0,0.0,19,78
2,110.0,0.0,19,79
3,75.0,0.0,19,80
4,55.0,0.0,19,81
4,80.0,-360.0,19,82
4,70.0,0.0,19,83
1,120.0,-580.0,19,84
4,80.0,0.0,19,85
3,70.0,-141.0,19,86
1,140.0,0.0,19,87
2,125.0,0.0,19,88
2,110.0,0.0,19,89
1,135.0,0.0,19,90
4,80.0,-380.0,19,91
3,80.0,-31.0,19,92
4,65.0,0.0,19,93
1,115.0,-349.0,19,94
3,40.0,-20.0,19,95
2,100.0,0.0,19,96
1,120.0,-65.0,19,97
2,80.0,0.0,19,98
4,80.0,0.0,19,99
1,125.0,0.0,19,100
4,45.0,-300.0,20,1
3,55.0,-45.0,20,2
1,130.0,-663.0,20,3
1,140.0,-52.0,20,4
1,90.0,-109.0,20,5
2,100.0,0.0,20,6
1,125.0,0.0,20,7
1,140.0,0.0,20,8
1,110.0,0.0,20,9
4,70.0,0.0,20,10
1,100.0,0.0,20,11
1,95.0,-2.0,20,12
2,140.0,0.0,20,13
2,130.0,0.0,20,14
4,60.0,0.0,20,15
3,60.0,0.0,20,16
3,60.0,0.0,20,17
3,60.0,-62.0,20,18
3,70.0,0.0,20,19
3,40.0,-69.0,20,20
4,40.0,0.0,20,21
2,130.0,-1405.0,20,22
4,50.0,0.0,20,23
2,105.0,0.0,20,24
2,90.0,0.0,20,25
2,125.0,0.0,20,26
3,80.0,-114.0,20,27
3,55.0,0.0,20,28
4,45.0,0.0,20,29
1,95.0,-579.0,20,30
2,120.0,0.0,20,31
1,130.0,0.0,20,32
3,45.0,0.0,20,33
3,60.0,-45.0,20,34
4,45.0,0.0,20,35
2,100.0,0.0,20,36
1,105.0,-432.0,20,37
1,130.0,-339.0,20,38
1,80.0,0.0,20,39
1,80.0,0.0,20,40
2,115.0,0.0,20,41
1,130.0,0.0,20,42
4,70.0,0.0,20,43
1,90.0,-122.0,20,44
3,60.0,-2.0,20,45
3,55.0,0.0,20,46
3,45.0,-95.0,20,47
3,55.0,-98.0,20,48
3,55.0,0.0,20,49
2,85.0,0.0,20,50
2,100.0,0.0,20,51
2,85.0,0.0,20,52
4,80.0,0.0,20,53
1,85.0,0.0,20,54
4,45.0,0.0,20,55
4,40.0,0.0,20,56
3,40.0,-1.0,20,57
1,105.0,-183.0,20,58
4,80.0,0.0,20,59
4,75.0,0.0,20,60
2,95.0,0.0,20,61
2,100.0,-1430.0,20,62
4,70.0,0.0,20,63
4,40.0,0.0,20,64
3,75.0,0.0,20,65
3,60.0,0.0,20,66
3,70.0,-104.0,20,67
3,60.0,0.0,20,68
4,75.0,0.0,20,69
4,50.0,0.0,20,70
3,45.0,-82.0,20,71
4,55.0,0.0,20,72
2,95.0,0.0,20,73
4,80.0,-360.0,20,74
4,70.0,0.0,20,75
2,125.0,0.0,20,76
2,110.0,0.0,20,77
4,80.0,0.0,20,78
1,140.0,0.0,20,79
3,75.0,0.0,20,80
3,80.0,0.0,20,81
4,80.0,-380.0,20,82
1,130.0,-399.0,20,83
4,65.0,0.0,20,84
4,80.0,0.0,20,85
1,120.0,-580.0,20,86
4,65.0,0.0,20,87
4,50.0,0.0,20,88
4,60.0,0.0,20,89
4,80.0,0.0,20,90
1,140.0,0.0,20,91
4,80.0,0.0,20,92
4,40.0,0.0,20,93
2,125.0,0.0,20,94
2,110.0,0.0,20,95
4,50.0,-245.0,20,96
3,50.0,0.0,20,97
3,75.0,0.0,20,98
3,70.0,-141.0,20,99
2,100.0,0.0,20,100
3,55.0,-45.0,21,1
1,130.0,-663.0,21,2
2,100.0,0.0,21,3
2,140.0,0.0,21,4
4,45.0,-300.0,21,5
4,70.0,0.0,21,6
4,60.0,0.0,21,7
1,140.0,-52.0,21,8
1,90.0,-109.0,21,9
4,40.0,0.0,21,10
4,50.0,0.0,21,11
2,130.0,0.0,21,12
1,125.0,0.0,21,13
1,140.0,0.0,21,14
1,110.0,0.0,21,15
3,60.0,0.0,21,16
4,45.0,0.0,21,17
1,100.0,0.0,21,18
2,130.0,-1405.0,21,19
4,45.0,0.0,21,20
1,95.0,-2.0,21,21
2,105.0,0.0,21,22
2,90.0,0.0,21,23
3,60.0,0.0,21,24
3,60.0,-62.0,21,25
1,95.0,-579.0,21,26
2,125.0,0.0,21,27
1,130.0,0.0,21,28
3,70.0,0.0,21,29
1,105.0,-432.0,21,30
2,120.0,0.0,21,31
1,130.0,-339.0,21,32
3,40.0,-69.0,21,33
3,80.0,-114.0,21,34
4,70.0,0.0,21,35
1,80.0,0.0,21,36
1,80.0,0.0,21,37
1,130.0,0.0,21,38
1,90.0,-122.0,21,39
2,100.0,0.0,21,40
2,115.0,0.0,21,41
2,85.0,0.0,21,42
2,100.0,0.0,21,43
3,55.0,0.0,21,44
1,85.0,0.0,21,45
1,105.0,-183.0,21,46
4,80.0,0.0,21,47
1,140.0,0.0,21,48
2,85.0,0.0,21,49
2,95.0,0.0,21,50
2,100.0,-1430.0,21,51
1,130.0,-399.0,21,52
4,45.0,0.0,21,53
2,95.0,0.0,21,54
3,45.0,0.0,21,55
4,40.0,0.0,21,56
4,80.0,0.0,21,57
4,75.0,0.0,21,58
1,120.0,-580.0,21,59
3,60.0,-45.0,21,60
3,60.0,-2.0,21,61
3,55.0,0.0,21,62
3,45.0,-95.0,21,63
2,125.0,0.0,21,64
3,55.0,-98.0,21,65
4,70.0,0.0,21,66
2,110.0,0.0,21,67
2,125.0,0.0,21,68
2,110.0,0.0,21,69
4,40.0,0.0,21,70
3,55.0,0.0,21,71
3,40.0,-1.0,21,72
4,75.0,0.0,21,73
4,50.0,0.0,21,74
4,55.0,0.0,21,75
3,75.0,0.0,21,76
3,60.0,0.0,21,77
4,80.0,-360.0,21,78
2,100.0,0.0,21,79
1,140.0,0.0,21,80
1,135.0,0.0,21,81
2,80.0,0.0,21,82
1,115.0,-349.0,21,83
2,115.0,0.0,21,84
2,85.0,0.0,21,85
3,70.0,-104.0,21,86
4,70.0,0.0,21,87
3,60.0,0.0,21,88
2,90.0,0.0,21,89
3,45.0,-82.0,21,90
4,80.0,0.0,21,91
2,115.0,-1545.0,21,92
2,110.0,0.0,21,93
2,110.0,0.0,21,94
2,85.0,0.0,21,95
1,120.0,-65.0,21,96
4,80.0,-380.0,21,97
2,105.0,0.0,21,98
2,110.0,0.0,21,99
2,105.0,-1845.0,21,100
3,55.0,-45.0,22,1
1,130.0,-663.0,22,2
2,100.0,0.0,22,3
4,45.0,-300.0,22,4
3,60.0,0.0,22,5
1,140.0,-52.0,22,6
2,140.0,0.0,22,7
2,130.0,0.0,22,8
2,130.0,-1405.0,22,9
2,105.0,0.0,22,10
1,90.0,-109.0,22,11
4,70.0,0.0,22,12
2,90.0,0.0,22,13
1,125.0,0.0,22,14
2,125.0,0.0,22,15
4,60.0,0.0,22,16
2,120.0,0.0,22,17
2,100.0,0.0,22,18
1,140.0,0.0,22,19
4,40.0,0.0,22,20
1,110.0,0.0,22,21
4,50.0,0.0,22,22
1,100.0,0.0,22,23
3,60.0,0.0,22,24
2,115.0,0.0,22,25
4,45.0,0.0,22,26
2,85.0,0.0,22,27
3,60.0,-62.0,22,28
1,95.0,-2.0,22,29
4,45.0,0.0,22,30
3,70.0,0.0,22,31
1,95.0,-579.0,22,32
2,100.0,0.0,22,33
3,40.0,-69.0,22,34
4,70.0,0.0,22,35
3,80.0,-114.0,22,36
1,130.0,0.0,22,37
3,55.0,0.0,22,38
4,80.0,0.0,22,39
1,105.0,-432.0,22,40
1,130.0,-339.0,22,41
3,45.0,0.0,22,42
3,60.0,-45.0,22,43
2,85.0,0.0,22,44
3,60.0,-2.0,22,45
4,45.0,0.0,22,46
4,40.0,0.0,22,47
2,95.0,0.0,22,48
1,80.0,0.0,22,49
2,100.0,-1430.0,22,50
3,55.0,0.0,22,51
2,95.0,0.0,22,52
3,45.0,-95.0,22,53
1,80.0,0.0,22,54
4,80.0,0.0,22,55
2,125.0,0.0,22,56
4,75.0,0.0,22,57
1,130.0,0.0,22,58
4,70.0,0.0,22,59
1,90.0,-122.0,22,60
2,110.0,0.0,22,61
1,85.0,0.0,22,62
2,125.0,0.0,22,63
1,105.0,-183.0,22,64
1,140.0,0.0,22,65
3,55.0,-98.0,22,66
2,110.0,0.0,22,67
3,55.0,0.0,22,68
1,130.0,-399.0,22,69
3,40.0,-1.0,22,70
1,120.0,-580.0,22,71
1,140.0,0.0,22,72
2,100.0,0.0,22,73
3,75.0,0.0,22,74
2,80.0,0.0,22,75
3,60.0,0.0,22,76
4,40.0,0.0,22,77
3,70.0,-104.0,22,78
3,60.0,0.0,22,79
1,135.0,0.0,22,80
3,45.0,-82.0,22,81
4,75.0,0.0,22,82
1,115.0,-349.0,22,83
4,50.0,0.0,22,84
1,120.0,-65.0,22,85
3,75.0,0.0,22,86
3,80.0,0.0,22,87
4,55.0,0.0,22,88
1,125.0,0.0,22,89
1,130.0,-484.0,22,90
4,80.0,-360.0,22,91
1,85.0,-232.0,22,92
4,70.0,0.0,22,93
3,50.0,0.0,22,94
1,80.0,0.0,22,95
2,115.0,0.0,22,96
3,75.0,0.0,22,97
4,80.0,0.0,22,98
3,70.0,-141.0,22,99
4,80.0,-380.0,22,100
2,100.0,0.0,23,1
3,55.0,-45.0,23,2
3,60.0,0.0,23,3
4,45.0,-300.0,23,4
1,130.0,-663.0,23,5
2,140.0,0.0,23,6
2,130.0,0.0,23,7
4,70.0,0.0,23,8
4,60.0,0.0,23,9
4,40.0,0.0,23,10
2,130.0,-1405.0,23,11
3,60.0,0.0,23,12
4,50.0,0.0,23,13
2,105.0,0.0,23,14
1,140.0,-52.0,23,15
2,90.0,0.0,23,16
1,90.0,-109.0,23,17
3,60.0,-62.0,23,18
3,70.0,0.0,23,19
4,45.0,0.0,23,20
1,125.0,0.0,23,21
1,140.0,0.0,23,22
1,110.0,0.0,23,23
3,40.0,-69.0,23,24
1,100.0,0.0,23,25
2,125.0,0.0,23,26
4,45.0,0.0,23,27
4,70.0,0.0,23,28
4,80.0,0.0,23,29
4,45.0,0.0,23,30
3,80.0,-114.0,23,31
4,40.0,0.0,23,32
4,80.0,0.0,23,33
3,55.0,0.0,23,34
1,95.0,-2.0,23,35
1,95.0,-579.0,23,36
2,120.0,0.0,23,37
1,130.0,0.0,23,38
2,100.0,0.0,23,39
4,75.0,0.0,23,40
4,70.0,0.0,23,41
4,40.0,0.0,23,42
1,105.0,-432.0,23,43
1,130.0,-339.0,23,44
1,80.0,0.0,23,45
1,80.0,0.0,23,46
1,130.0,0.0,23,47
1,90.0,-122.0,23,48
3,45.0,0.0,23,49
3,60.0,-45.0,23,50
4,75.0,0.0,23,51
4,50.0,0.0,23,52
1,85.0,0.0,23,53
1,105.0,-183.0,23,54
1,140.0,0.0,23,55
1,130.0,-399.0,23,56
3,60.0,-2.0,23,57
3,55.0,0.0,23,58
1,120.0,-580.0,23,59
1,140.0,0.0,23,60
3,45.0,-95.0,23,61
4,55.0,0.0,23,62
1,135.0,0.0,23,63
2,115.0,0.0,23,64
4,80.0,-360.0,23,65
4,70.0,0.0,23,66
4,80.0,0.0,23,67
3,55.0,-98.0,23,68
1,115.0,-349.0,23,69
2,85.0,0.0,23,70
1,120.0,-65.0,23,71
1,125.0,0.0,23,72
2,100.0,0.0,23,73
2,85.0,0.0,23,74
1,130.0,-484.0,23,75
3,55.0,0.0,23,76
4,80.0,-380.0,23,77
4,65.0,0.0,23,78
4,80.0,0.0,23,79
3,40.0,-1.0,23,80
1,85.0,-232.0,23,81
4,65.0,0.0,23,82
2,95.0,0.0,23,83
4,50.0,0.0,23,84
4,60.0,0.0,23,85
1,80.0,0.0,23,86
1,110.0,0.0,23,87
3,75.0,0.0,23,88
3,60.0,0.0,23,89
2,100.0,-1430.0,23,90
3,70.0,-104.0,23,91
3,60.0,0.0,23,92
1,110.0,0.0,23,93
2,95.0,0.0,23,94
2,125.0,0.0,23,95
2,110.0,0.0,23,96
1,80.0,0.0,23,97
2,125.0,0.0,23,98
2,110.0,0.0,23,99
2,100.0,0.0,23,100
1,130.0,-663.0,24,1
2,100.0,0.0,24,2
3,55.0,-45.0,24,3
4,45.0,-300.0,24,4
2,140.0,0.0,24,5
1,140.0,-52.0,24,6
4,70.0,0.0,24,7
3,60.0,0.0,24,8
1,90.0,-109.0,24,9
2,130.0,0.0,24,10
2,130.0,-1405.0,24,11
1,125.0,0.0,24,12
2,105.0,0.0,24,13
3,60.0,0.0,24,14
1,140.0,0.0,24,15
4,60.0,0.0,24,16
1,110.0,0.0,24,17
3,60.0,-62.0,24,18
4,40.0,0.0,24,19
3,70.0,0.0,24,20
2,90.0,0.0,24,21
1,100.0,0.0,24,22
4,50.0,0.0,24,23
3,40.0,-69.0,24,24
4,45.0,0.0,24,25
1,95.0,-2.0,24,26
2,125.0,0.0,24,27
3,80.0,-114.0,24,28
1,95.0,-579.0,24,29
4,45.0,0.0,24,30
4,70.0,0.0,24,31
1,130.0,0.0,24,32
3,55.0,0.0,24,33
1,105.0,-432.0,24,34
2,120.0,0.0,24,35
1,130.0,-339.0,24,36
2,100.0,0.0,24,37
3,45.0,0.0,24,38
3,60.0,-45.0,24,39
1,80.0,0.0,24,40
4,80.0,0.0,24,41
3,60.0,-2.0,24,42
2,115.0,0.0,24,43
1,80.0,0.0,24,44
3,55.0,0.0,24,45
4,45.0,0.0,24,46
3,45.0,-95.0,24,47
2,85.0,0.0,24,48
1,130.0,0.0,24,49
2,100.0,0.0,24,50
3,55.0,-98.0,24,51
4,40.0,0.0,24,52
3,55.0,0.0,24,53
3,40.0,-1.0,24,54
1,90.0,-122.0,24,55
3,75.0,0.0,24,56
4,80.0,0.0,24,57
3,60.0,0.0,24,58
2,85.0,0.0,24,59
4,75.0,0.0,24,60
1,85.0,0.0,24,61
3,70.0,-104.0,24,62
1,105.0,-183.0,24,63
2,95.0,0.0,24,64
2,100.0,-1430.0,24,65
1,140.0,0.0,24,66
3,60.0,0.0,24,67
1,130.0,-399.0,24,68
3,45.0,-82.0,24,69
2,95.0,0.0,24,70
2,125.0,0.0,24,71
2,110.0,0.0,24,72
2,125.0,0.0,24,73
4,70.0,0.0,24,74
1,120.0,-580.0,24,75
3,75.0,0.0,24,76
2,110.0,0.0,24,77
1,140.0,0.0,24,78
3,80.0,0.0,24,79
4,40.0,0.0,24,80
4,75.0,0.0,24,81
3,50.0,0.0,24,82
4,50.0,0.0,24,83
4,55.0,0.0,24,84
4,80.0,-360.0,24,85
3,75.0,0.0,24,86
2,100.0,0.0,24,87
1,135.0,0.0,24,88
2,80.0,0.0,24,89
3,70.0,-141.0,24,90
1,115.0,-349.0,24,91
3,80.0,-31.0,24,92
1,120.0,-65.0,24,93
3,40.0,-20.0,24,94
2,115.0,0.0,24,95
1,125.0,0.0,24,96
3,65.0,-46.0,24,97
1,130.0,-484.0,24,98
3,40.0,0.0,24,99
1,85.0,-232.0,24,100
4,45.0,-300.0,25,1
3,55.0,-45.0,25,2
3,60.0,0.0,25,3
3,60.0,0.0,25,4
4,70.0,0.0,25,5
4,60.0,0.0,25,6
2,100.0,0.0,25,7
2,140.0,0.0,25,8
1,130.0,-663.0,25,9
1,140.0,-52.0,25,10
1,90.0,-109.0,25,11
4,40.0,0.0,25,12
1,125.0,0.0,25,13
1,140.0,0.0,25,14
2,130.0,0.0,25,15
2,130.0,-1405.0,25,16
4,50.0,0.0,25,17
2,105.0,0.0,25,18
2,90.0,0.0,25,19
2,125.0,0.0,25,20
2,120.0,0.0,25,21
4,45.0,0.0,25,22
1,110.0,0.0,25,23
1,100.0,0.0,25,24
4,45.0,0.0,25,25
4,70.0,0.0,25,26
2,100.0,0.0,25,27
4,80.0,0.0,25,28
2,115.0,0.0,25,29
1,95.0,-2.0,25,30
3,60.0,-62.0,25,31
1,95.0,-579.0,25,32
3,70.0,0.0,25,33
4,45.0,0.0,25,34
2,85.0,0.0,25,35
4,40.0,0.0,25,36
2,100.0,0.0,25,37
3,40.0,-69.0,25,38
2,85.0,0.0,25,39
3,80.0,-114.0,25,40
1,130.0,0.0,25,41
3,55.0,0.0,25,42
3,45.0,0.0,25,43
4,80.0,0.0,25,44
4,75.0,0.0,25,45
2,95.0,0.0,25,46
2,100.0,-1430.0,25,47
2,95.0,0.0,25,48
1,105.0,-432.0,25,49
2,125.0,0.0,25,50
2,110.0,0.0,25,51
2,125.0,0.0,25,52
4,70.0,0.0,25,53
4,40.0,0.0,25,54
2,110.0,0.0,25,55
2,100.0,0.0,25,56
2,80.0,0.0,25,57
4,75.0,0.0,25,58
2,115.0,0.0,25,59
2,85.0,0.0,25,60
1,130.0,-339.0,25,61
3,60.0,-45.0,25,62
2,90.0,0.0,25,63
4,50.0,0.0,25,64
1,80.0,0.0,25,65
3,60.0,-2.0,25,66
1,80.0,0.0,25,67
4,55.0,0.0,25,68
1,130.0,0.0,25,69
3,55.0,0.0,25,70
1,90.0,-122.0,25,71
4,80.0,-360.0,25,72
2,115.0,-1545.0,25,73
2,110.0,0.0,25,74
3,45.0,-95.0,25,75
3,55.0,-98.0,25,76
3,55.0,0.0,25,77
2,110.0,0.0,25,78
3,40.0,-1.0,25,79
4,70.0,0.0,25,80
2,85.0,0.0,25,81
2,105.0,0.0,25,82
2,110.0,0.0,25,83
2,105.0,-1845.0,25,84
1,85.0,0.0,25,85
4,80.0,0.0,25,86
2,95.0,0.0,25,87
2,140.0,0.0,25,88
3,75.0,0.0,25,89
3,60.0,0.0,25,90
2,115.0,0.0,25,91
2,90.0,0.0,25,92
2,110.0,0.0,25,93
1,105.0,-183.0,25,94
4,80.0,-380.0,25,95
3,70.0,-104.0,25,96
3,60.0,0.0,25,97
3,45.0,-82.0,25,98
1,140.0,0.0,25,99
2,115.0,0.0,25,100
4,45.0,-300.0,26,1
3,55.0,-45.0,26,2
1,130.0,-663.0,26,3
4,70.0,0.0,26,4
3,60.0,0.0,26,5
2,100.0,0.0,26,6
4,60.0,0.0,26,7
2,140.0,0.0,26,8
2,130.0,0.0,26,9
4,40.0,0.0,26,10
1,140.0,-52.0,26,11
4,50.0,0.0,26,12
3,60.0,0.0,26,13
3,60.0,-62.0,26,14
1,90.0,-109.0,26,15
4,45.0,0.0,26,16
3,70.0,0.0,26,17
4,45.0,0.0,26,18
1,125.0,0.0,26,19
4,70.0,0.0,26,20
2,130.0,-1405.0,26,21
2,105.0,0.0,26,22
3,40.0,-69.0,26,23
1,140.0,0.0,26,24
1,110.0,0.0,26,25
2,90.0,0.0,26,26
4,80.0,0.0,26,27
1,100.0,0.0,26,28
1,95.0,-2.0,26,29
2,125.0,0.0,26,30
3,80.0,-114.0,26,31
1,95.0,-579.0,26,32
3,55.0,0.0,26,33
4,45.0,0.0,26,34
3,45.0,0.0,26,35
2,120.0,0.0,26,36
4,40.0,0.0,26,37
3,60.0,-45.0,26,38
1,130.0,0.0,26,39
2,100.0,0.0,26,40
4,80.0,0.0,26,41
3,60.0,-2.0,26,42
3,55.0,0.0,26,43
4,75.0,0.0,26,44
2,115.0,0.0,26,45
1,105.0,-432.0,26,46
2,85.0,0.0,26,47
1,130.0,-339.0,26,48
4,70.0,0.0,26,49
3,45.0,-95.0,26,50
1,80.0,0.0,26,51
1,80.0,0.0,26,52
4,40.0,0.0,26,53
2,100.0,0.0,26,54
3,55.0,-98.0,26,55
2,85.0,0.0,26,56
2,95.0,0.0,26,57
4,75.0,0.0,26,58
1,130.0,0.0,26,59
2,100.0,-1430.0,26,60
3,55.0,0.0,26,61
3,40.0,-1.0,26,62
4,50.0,0.0,26,63
3,75.0,0.0,26,64
1,90.0,-122.0,26,65
2,95.0,0.0,26,66
4,55.0,0.0,26,67
4,80.0,-360.0,26,68
2,125.0,0.0,26,69
2,110.0,0.0,26,70
1,85.0,0.0,26,71
4,70.0,0.0,26,72
1,105.0,-183.0,26,73
4,80.0,0.0,26,74
1,140.0,0.0,26,75
3,60.0,0.0,26,76
1,130.0,-399.0,26,77
2,125.0,0.0,26,78
1,120.0,-580.0,26,79
4,80.0,-380.0,26,80
1,140.0,0.0,26,81
1,135.0,0.0,26,82
3,70.0,-104.0,26,83
1,115.0,-349.0,26,84
2,110.0,0.0,26,85
3,60.0,0.0,26,86
3,45.0,-82.0,26,87
1,120.0,-65.0,26,88
3,75.0,0.0,26,89
2,100.0,0.0,26,90
1,125.0,0.0,26,91
4,65.0,0.0,26,92
1,130.0,-484.0,26,93
3,80.0,0.0,26,94
3,50.0,0.0,26,95
1,85.0,-232.0,26,96
3,75.0,0.0,26,97
3,70.0,-141.0,26,98
4,80.0,0.0,26,99
1,80.0,0.0,26,100
3,55.0,-45.0,27,1
3,60.0,0.0,27,2
4,45.0,-300.0,27,3
1,130.0,-663.0,27,4
4,70.0,0.0,27,5
2,100.0,0.0,27,6
2,140.0,0.0,27,7
1,140.0,-52.0,27,8
1,90.0,-109.0,27,9
1,125.0,0.0,27,10
4,60.0,0.0,27,11
4,40.0,0.0,27,12
4,50.0,0.0,27,13
3,60.0,0.0,27,14
3,60.0,-62.0,27,15
4,45.0,0.0,27,16
1,140.0,0.0,27,17
3,70.0,0.0,27,18
3,40.0,-69.0,27,19
3,80.0,-114.0,27,20
4,45.0,0.0,27,21
2,130.0,0.0,27,22
2,130.0,-1405.0,27,23
2,105.0,0.0,27,24
3,55.0,0.0,27,25
1,110.0,0.0,27,26
1,100.0,0.0,27,27
1,95.0,-2.0,27,28
1,95.0,-579.0,27,29
3,45.0,0.0,27,30
3,60.0,-45.0,27,31
3,60.0,-2.0,27,32
3,55.0,0.0,27,33
4,70.0,0.0,27,34
4,80.0,0.0,27,35
3,45.0,-95.0,27,36
3,55.0,-98.0,27,37
3,55.0,0.0,27,38
3,40.0,-1.0,27,39
3,75.0,0.0,27,40
3,60.0,0.0,27,41
3,70.0,-104.0,27,42
3,60.0,0.0,27,43
1,130.0,0.0,27,44
1,105.0,-432.0,27,45
1,130.0,-339.0,27,46
1,80.0,0.0,27,47
2,90.0,0.0,27,48
3,45.0,-82.0,27,49
3,75.0,0.0,27,50
4,45.0,0.0,27,51
4,40.0,0.0,27,52
1,80.0,0.0,27,53
1,130.0,0.0,27,54
1,90.0,-122.0,27,55
2,125.0,0.0,27,56
1,85.0,0.0,27,57
2,120.0,0.0,27,58
4,80.0,0.0,27,59
2,100.0,0.0,27,60
4,75.0,0.0,27,61
4,70.0,0.0,27,62
3,80.0,0.0,27,63
2,115.0,0.0,27,64
2,85.0,0.0,27,65
4,40.0,0.0,27,66
4,75.0,0.0,27,67
4,50.0,0.0,27,68
3,50.0,0.0,27,69
3,75.0,0.0,27,70
1,105.0,-183.0,27,71
3,70.0,-141.0,27,72
3,80.0,-31.0,27,73
3,40.0,-20.0,27,74
4,55.0,0.0,27,75
4,80.0,-360.0,27,76
4,70.0,0.0,27,77
1,140.0,0.0,27,78
1,130.0,-399.0,27,79
3,65.0,-46.0,27,80
2,100.0,0.0,27,81
1,120.0,-580.0,27,82
1,140.0,0.0,27,83
3,40.0,0.0,27,84
3,45.0,-152.0,27,85
2,85.0,0.0,27,86
4,80.0,0.0,27,87
1,135.0,0.0,27,88
4,80.0,-380.0,27,89
3,40.0,-18.0,27,90
1,115.0,-349.0,27,91
1,120.0,-65.0,27,92
1,125.0,0.0,27,93
4,65.0,0.0,27,94
4,80.0,0.0,27,95
3,65.0,0.0,27,96
3,45.0,0.0,27,97
1,130.0,-484.0,27,98
2,95.0,0.0,27,99
2,100.0,-1430.0,27,100
1,130.0,-663.0,28,1
3,55.0,-45.0,28,2
2,100.0,0.0,28,3
1,140.0,-52.0,28,4
3,60.0,0.0,28,5
2,140.0,0.0,28,6
3,60.0,0.0,28,7
4,45.0,-300.0,28,8
3,60.0,-62.0,28,9
3,70.0,0.0,28,10
2,130.0,0.0,28,11
2,130.0,-1405.0,28,12
4,70.0,0.0,28,13
2,105.0,0.0,28,14
2,90.0,0.0,28,15
1,90.0,-109.0,28,16
4,60.0,0.0,28,17
3,40.0,-69.0,28,18
1,125.0,0.0,28,19
4,40.0,0.0,28,20
4,50.0,0.0,28,21
1,140.0,0.0,28,22
1,110.0,0.0,28,23
1,100.0,0.0,28,24
2,125.0,0.0,28,25
3,80.0,-114.0,28,26
1,95.0,-2.0,28,27
1,95.0,-579.0,28,28
4,45.0,0.0,28,29
4,45.0,0.0,28,30
4,70.0,0.0,28,31
2,120.0,0.0,28,32
3,55.0,0.0,28,33
2,100.0,0.0,28,34
2,115.0,0.0,28,35
2,85.0,0.0,28,36
3,45.0,0.0,28,37
1,130.0,0.0,28,38
4,80.0,0.0,28,39
4,45.0,0.0,28,40
2,100.0,0.0,28,41
4,40.0,0.0,28,42
1,105.0,-432.0,28,43
3,60.0,-45.0,28,44
1,130.0,-339.0,28,45
1,80.0,0.0,28,46
1,80.0,0.0,28,47
1,130.0,0.0,28,48
4,80.0,0.0,28,49
4,75.0,0.0,28,50
2,85.0,0.0,28,51
2,95.0,0.0,28,52
4,70.0,0.0,28,53
3,60.0,-2.0,28,54
2,100.0,-1430.0,28,55
2,95.0,0.0,28,56
3,55.0,0.0,28,57
4,40.0,0.0,28,58
4,75.0,0.0,28,59
3,45.0,-95.0,28,60
3,55.0,-98.0,28,61
4,50.0,0.0,28,62
1,90.0,-122.0,28,63
3,55.0,0.0,28,64
3,40.0,-1.0,28,65
3,75.0,0.0,28,66
1,85.0,0.0,28,67
1,105.0,-183.0,28,68
3,60.0,0.0,28,69
1,140.0,0.0,28,70
1,130.0,-399.0,28,71
2,125.0,0.0,28,72
1,120.0,-580.0,28,73
3,70.0,-104.0,28,74
3,60.0,0.0,28,75
3,45.0,-82.0,28,76
4,55.0,0.0,28,77
3,75.0,0.0,28,78
3,80.0,0.0,28,79
2,110.0,0.0,28,80
2,125.0,0.0,28,81
4,80.0,-360.0,28,82
4,70.0,0.0,28,83
1,140.0,0.0,28,84
2,110.0,0.0,28,85
2,100.0,0.0,28,86
2,80.0,0.0,28,87
4,80.0,0.0,28,88
4,80.0,-380.0,28,89
3,50.0,0.0,28,90
3,75.0,0.0,28,91
3,70.0,-141.0,28,92
2,115.0,0.0,28,93
2,85.0,0.0,28,94
2,90.0,0.0,28,95
4,65.0,0.0,28,96
1,135.0,0.0,28,97
1,115.0,-349.0,28,98
3,80.0,-31.0,28,99
4,80.0,0.0,28,100
4,45.0,-300.0,29,1
2,100.0,0.0,29,2
3,55.0,-45.0,29,3
3,60.0,0.0,29,4
4,70.0,0.0,29,5
4,60.0,0.0,29,6
3,60.0,0.0,29,7
1,130.0,-663.0,29,8
3,60.0,-62.0,29,9
2,140.0,0.0,29,10
2,130.0,0.0,29,11
3,70.0,0.0,29,12
1,140.0,-52.0,29,13
1,90.0,-109.0,29,14
4,40.0,0.0,29,15
1,125.0,0.0,29,16
1,140.0,0.0,29,17
3,40.0,-69.0,29,18
1,110.0,0.0,29,19
1,100.0,0.0,29,20
1,95.0,-2.0,29,21
3,80.0,-114.0,29,22
3,55.0,0.0,29,23
4,50.0,0.0,29,24
1,95.0,-579.0,29,25
3,45.0,0.0,29,26
2,130.0,-1405.0,29,27
4,45.0,0.0,29,28
3,60.0,-45.0,29,29
3,60.0,-2.0,29,30
4,45.0,0.0,29,31
4,70.0,0.0,29,32
4,80.0,0.0,29,33
4,45.0,0.0,29,34
1,130.0,0.0,29,35
4,40.0,0.0,29,36
3,55.0,0.0,29,37
4,80.0,0.0,29,38
4,75.0,0.0,29,39
2,105.0,0.0,29,40
2,90.0,0.0,29,41
4,70.0,0.0,29,42
2,125.0,0.0,29,43
1,105.0,-432.0,29,44
1,130.0,-339.0,29,45
4,40.0,0.0,29,46
4,75.0,0.0,29,47
3,45.0,-95.0,29,48
4,50.0,0.0,29,49
3,55.0,-98.0,29,50
4,55.0,0.0,29,51
4,80.0,-360.0,29,52
3,55.0,0.0,29,53
2,120.0,0.0,29,54
4,70.0,0.0,29,55
3,40.0,-1.0,29,56
1,80.0,0.0,29,57
2,100.0,0.0,29,58
3,75.0,0.0,29,59
2,115.0,0.0,29,60
1,80.0,0.0,29,61
2,85.0,0.0,29,62
2,100.0,0.0,29,63
4,80.0,0.0,29,64
1,130.0,0.0,29,65
4,80.0,-380.0,29,66
2,85.0,0.0,29,67
2,95.0,0.0,29,68
2,100.0,-1430.0,29,69
1,90.0,-122.0,29,70
1,85.0,0.0,29,71
4,65.0,0.0,29,72
1,105.0,-183.0,29,73
2,95.0,0.0,29,74
2,125.0,0.0,29,75
3,60.0,0.0,29,76
1,140.0,0.0,29,77
4,80.0,0.0,29,78
3,70.0,-104.0,29,79
1,130.0,-399.0,29,80
4,65.0,0.0,29,81
4,50.0,0.0,29,82
1,120.0,-580.0,29,83
2,110.0,0.0,29,84
3,60.0,0.0,29,85
2,125.0,0.0,29,86
1,140.0,0.0,29,87
1,135.0,0.0,29,88
4,60.0,0.0,29,89
4,80.0,0.0,29,90
3,45.0,-82.0,29,91
4,80.0,0.0,29,92
4,40.0,0.0,29,93
3,75.0,0.0,29,94
4,50.0,-245.0,29,95
2,110.0,0.0,29,96
1,115.0,-349.0,29,97
1,120.0,-65.0,29,98
1,125.0,0.0,29,99
2,100.0,0.0,29,100
2,100.0,0.0,30,1
3,55.0,-45.0,30,2
3,60.0,0.0,30,3
3,60.0,0.0,30,4
2,140.0,0.0,30,5
1,130.0,-663.0,30,6
1,140.0,-52.0,30,7
4,45.0,-300.0,30,8
3,60.0,-62.0,30,9
1,90.0,-109.0,30,10
4,70.0,0.0,30,11
4,60.0,0.0,30,12
4,40.0,0.0,30,13
4,50.0,0.0,30,14
2,130.0,0.0,30,15
3,70.0,0.0,30,16
4,45.0,0.0,30,17
1,125.0,0.0,30,18
4,45.0,0.0,30,19
3,40.0,-69.0,30,20
3,80.0,-114.0,30,21
2,130.0,-1405.0,30,22
4,70.0,0.0,30,23
4,80.0,0.0,30,24
4,45.0,0.0,30,25
2,105.0,0.0,30,26
2,90.0,0.0,30,27
2,125.0,0.0,30,28
4,40.0,0.0,30,29
2,120.0,0.0,30,30
4,80.0,0.0,30,31
1,140.0,0.0,30,32
4,75.0,0.0,30,33
4,70.0,0.0,30,34
2,100.0,0.0,30,35
1,110.0,0.0,30,36
3,55.0,0.0,30,37
1,100.0,0.0,30,38
2,115.0,0.0,30,39
3,45.0,0.0,30,40
2,85.0,0.0,30,41
3,60.0,-45.0,30,42
4,40.0,0.0,30,43
3,60.0,-2.0,30,44
1,95.0,-2.0,30,45
3,55.0,0.0,30,46
1,95.0,-579.0,30,47
2,100.0,0.0,30,48
1,130.0,0.0,30,49
1,105.0,-432.0,30,50
1,130.0,-339.0,30,51
3,45.0,-95.0,30,52
3,55.0,-98.0,30,53
1,80.0,0.0,30,54
1,80.0,0.0,30,55
4,75.0,0.0,30,56
3,55.0,0.0,30,57
4,50.0,0.0,30,58
4,55.0,0.0,30,59
1,130.0,0.0,30,60
1,90.0,-122.0,30,61
1,85.0,0.0,30,62
3,40.0,-1.0,30,63
3,75.0,0.0,30,64
2,85.0,0.0,30,65
4,80.0,-360.0,30,66
2,95.0,0.0,30,67
3,60.0,0.0,30,68
1,105.0,-183.0,30,69
1,140.0,0.0,30,70
3,70.0,-104.0,30,71
1,130.0,-399.0,30,72
1,120.0,-580.0,30,73
2,100.0,-1430.0,30,74
1,140.0,0.0,30,75
2,95.0,0.0,30,76
1,135.0,0.0,30,77
2,125.0,0.0,30,78
1,115.0,-349.0,30,79
2,110.0,0.0,30,80
3,60.0,0.0,30,81
1,120.0,-65.0,30,82
2,125.0,0.0,30,83
2,110.0,0.0,30,84
4,70.0,0.0,30,85
3,45.0,-82.0,30,86
2,100.0,0.0,30,87
1,125.0,0.0,30,88
2,80.0,0.0,30,89
4,80.0,0.0,30,90
3,75.0,0.0,30,91
2,115.0,0.0,30,92
4,80.0,-380.0,30,93
4,65.0,0.0,30,94
3,80.0,0.0,30,95
4,80.0,0.0,30,96
4,65.0,0.0,30,97
4,50.0,0.0,30,98
2,85.0,0.0,30,99
4,60.0,0.0,30,100
4,45.0,-300.0,31,1
1,130.0,-663.0,31,2
4,70.0,0.0,31,3
1,140.0,-52.0,31,4
3,55.0,-45.0,31,5
2,100.0,0.0,31,6
4,60.0,0.0,31,7
3,60.0,0.0,31,8
1,90.0,-109.0,31,9
2,140.0,0.0,31,10
3,60.0,0.0,31,11
1,125.0,0.0,31,12
1,140.0,0.0,31,13
1,110.0,0.0,31,14
1,100.0,0.0,31,15
4,40.0,0.0,31,16
1,95.0,-2.0,31,17
1,95.0,-579.0,31,18
4,50.0,0.0,31,19
1,130.0,0.0,31,20
1,105.0,-432.0,31,21
4,45.0,0.0,31,22
1,130.0,-339.0,31,23
3,60.0,-62.0,31,24
1,80.0,0.0,31,25
1,80.0,0.0,31,26
4,45.0,0.0,31,27
1,130.0,0.0,31,28
3,70.0,0.0,31,29
1,90.0,-122.0,31,30
3,40.0,-69.0,31,31
2,130.0,0.0,31,32
1,85.0,0.0,31,33
3,80.0,-114.0,31,34
4,70.0,0.0,31,35
1,105.0,-183.0,31,36
2,130.0,-1405.0,31,37
3,55.0,0.0,31,38
3,45.0,0.0,31,39
4,80.0,0.0,31,40
1,140.0,0.0,31,41
1,130.0,-399.0,31,42
4,45.0,0.0,31,43
1,120.0,-580.0,31,44
1,140.0,0.0,31,45
1,135.0,0.0,31,46
4,40.0,0.0,31,47
2,105.0,0.0,31,48
2,90.0,0.0,31,49
3,60.0,-45.0,31,50
2,125.0,0.0,31,51
2,120.0,0.0,31,52
4,80.0,0.0,31,53
3,60.0,-2.0,31,54
2,100.0,0.0,31,55
1,115.0,-349.0,31,56
1,120.0,-65.0,31,57
3,55.0,0.0,31,58
4,75.0,0.0,31,59
4,70.0,0.0,31,60
1,125.0,0.0,31,61
3,45.0,-95.0,31,62
3,55.0,-98.0,31,63
4,40.0,0.0,31,64
2,115.0,0.0,31,65
3,55.0,0.0,31,66
1,130.0,-484.0,31,67
4,75.0,0.0,31,68
4,50.0,0.0,31,69
4,55.0,0.0,31,70
2,85.0,0.0,31,71
4,80.0,-360.0,31,72
2,100.0,0.0,31,73
3,40.0,-1.0,31,74
2,85.0,0.0,31,75
4,70.0,0.0,31,76
2,95.0,0.0,31,77
1,85.0,-232.0,31,78
1,80.0,0.0,31,79
1,110.0,0.0,31,80
4,80.0,0.0,31,81
3,75.0,0.0,31,82
2,100.0,-1430.0,31,83
4,80.0,-380.0,31,84
3,60.0,0.0,31,85
3,70.0,-104.0,31,86
2,95.0,0.0,31,87
4,65.0,0.0,31,88
3,60.0,0.0,31,89
2,125.0,0.0,31,90
4,80.0,0.0,31,91
3,45.0,-82.0,31,92
4,65.0,0.0,31,93
4,50.0,0.0,31,94
4,60.0,0.0,31,95
4,80.0,0.0,31,96
4,80.0,0.0,31,97
2,110.0,0.0,31,98
1,110.0,0.0,31,99
1,80.0,0.0,31,100
1,130.0,-663.0,32,1
4,45.0,-300.0,32,2
3,55.0,-45.0,32,3
3,60.0,0.0,32,4
3,60.0,0.0,32,5
3,60.0,-62.0,32,6
3,70.0,0.0,32,7
3,40.0,-69.0,32,8
1,140.0,-52.0,32,9
4,70.0,0.0,32,10
2,100.0,0.0,32,11
2,140.0,0.0,32,12
4,60.0,0.0,32,13
4,40.0,0.0,32,14
1,90.0,-109.0,32,15
2,130.0,0.0,32,16
2,130.0,-1405.0,32,17
2,105.0,0.0,32,18
3,80.0,-114.0,32,19
3,55.0,0.0,32,20
1,125.0,0.0,32,21
2,90.0,0.0,32,22
4,50.0,0.0,32,23
4,45.0,0.0,32,24
1,140.0,0.0,32,25
3,45.0,0.0,32,26
3,60.0,-45.0,32,27
3,60.0,-2.0,32,28
3,55.0,0.0,32,29
1,110.0,0.0,32,30
3,45.0,-95.0,32,31
1,100.0,0.0,32,32
3,55.0,-98.0,32,33
4,45.0,0.0,32,34
2,125.0,0.0,32,35
2,120.0,0.0,32,36
3,55.0,0.0,32,37
3,40.0,-1.0,32,38
4,70.0,0.0,32,39
1,95.0,-2.0,32,40
4,80.0,0.0,32,41
4,45.0,0.0,32,42
2,100.0,0.0,32,43
4,40.0,0.0,32,44
1,95.0,-579.0,32,45
1,130.0,0.0,32,46
4,80.0,0.0,32,47
1,105.0,-432.0,32,48
1,130.0,-339.0,32,49
2,115.0,0.0,32,50
2,85.0,0.0,32,51
2,100.0,0.0,32,52
4,75.0,0.0,32,53
4,70.0,0.0,32,54
2,85.0,0.0,32,55
2,95.0,0.0,32,56
1,80.0,0.0,32,57
1,80.0,0.0,32,58
1,130.0,0.0,32,59
1,90.0,-122.0,32,60
1,85.0,0.0,32,61
4,40.0,0.0,32,62
4,75.0,0.0,32,63
3,75.0,0.0,32,64
4,50.0,0.0,32,65
4,55.0,0.0,32,66
4,80.0,-360.0,32,67
2,100.0,-1430.0,32,68
2,95.0,0.0,32,69
2,125.0,0.0,32,70
2,110.0,0.0,32,71
1,105.0,-183.0,32,72
1,140.0,0.0,32,73
1,130.0,-399.0,32,74
2,125.0,0.0,32,75
1,120.0,-580.0,32,76
1,140.0,0.0,32,77
4,70.0,0.0,32,78
4,80.0,0.0,32,79
4,80.0,-380.0,32,80
3,60.0,0.0,32,81
3,70.0,-104.0,32,82
3,60.0,0.0,32,83
3,45.0,-82.0,32,84
3,75.0,0.0,32,85
1,135.0,0.0,32,86
3,80.0,0.0,32,87
3,50.0,0.0,32,88
4,65.0,0.0,32,89
3,75.0,0.0,32,90
4,80.0,0.0,32,91
2,110.0,0.0,32,92
2,100.0,0.0,32,93
1,115.0,-349.0,32,94
1,120.0,-65.0,32,95
1,125.0,0.0,32,96
3,70.0,-141.0,32,97
3,80.0,-31.0,32,98
4,65.0,0.0,32,99
3,40.0,-20.0,32,100
2,100.0,0.0,33,1
3,55.0,-45.0,33,2
1,130.0,-663.0,33,3
3,60.0,0.0,33,4
3,60.0,0.0,33,5
1,140.0,-52.0,33,6
2,140.0,0.0,33,7
2,130.0,0.0,33,8
2,130.0,-1405.0,33,9
4,45.0,-300.0,33,10
2,105.0,0.0,33,11
2,90.0,0.0,33,12
4,70.0,0.0,33,13
3,60.0,-62.0,33,14
2,125.0,0.0,33,15
2,120.0,0.0,33,16
2,100.0,0.0,33,17
2,115.0,0.0,33,18
2,85.0,0.0,33,19
2,100.0,0.0,33,20
2,85.0,0.0,33,21
2,95.0,0.0,33,22
4,60.0,0.0,33,23
4,40.0,0.0,33,24
1,90.0,-109.0,33,25
3,70.0,0.0,33,26
4,50.0,0.0,33,27
2,100.0,-1430.0,33,28
4,45.0,0.0,33,29
4,45.0,0.0,33,30
4,70.0,0.0,33,31
3,40.0,-69.0,33,32
4,80.0,0.0,33,33
4,45.0,0.0,33,34
1,125.0,0.0,33,35
4,40.0,0.0,33,36
3,80.0,-114.0,33,37
3,55.0,0.0,33,38
2,95.0,0.0,33,39
3,45.0,0.0,33,40
4,80.0,0.0,33,41
4,75.0,0.0,33,42
3,60.0,-45.0,33,43
4,70.0,0.0,33,44
3,60.0,-2.0,33,45
3,55.0,0.0,33,46
3,45.0,-95.0,33,47
4,40.0,0.0,33,48
4,75.0,0.0,33,49
1,140.0,0.0,33,50
4,50.0,0.0,33,51
4,55.0,0.0,33,52
4,80.0,-360.0,33,53
1,110.0,0.0,33,54
2,125.0,0.0,33,55
2,110.0,0.0,33,56
1,100.0,0.0,33,57
3,55.0,-98.0,33,58
4,70.0,0.0,33,59
1,95.0,-2.0,33,60
2,125.0,0.0,33,61
2,110.0,0.0,33,62
2,100.0,0.0,33,63
2,80.0,0.0,33,64
1,95.0,-579.0,33,65
2,115.0,0.0,33,66
2,85.0,0.0,33,67
3,55.0,0.0,33,68
1,130.0,0.0,33,69
2,90.0,0.0,33,70
1,105.0,-432.0,33,71
1,130.0,-339.0,33,72
1,80.0,0.0,33,73
1,80.0,0.0,33,74
1,130.0,0.0,33,75
1,90.0,-122.0,33,76
1,85.0,0.0,33,77
3,40.0,-1.0,33,78
1,105.0,-183.0,33,79
1,140.0,0.0,33,80
3,75.0,0.0,33,81
1,130.0,-399.0,33,82
3,60.0,0.0,33,83
1,120.0,-580.0,33,84
3,70.0,-104.0,33,85
1,140.0,0.0,33,86
1,135.0,0.0,33,87
3,60.0,0.0,33,88
4,80.0,0.0,33,89
4,80.0,-380.0,33,90
4,65.0,0.0,33,91
2,115.0,-1545.0,33,92
2,110.0,0.0,33,93
3,45.0,-82.0,33,94
3,75.0,0.0,33,95
1,115.0,-349.0,33,96
4,80.0,0.0,33,97
2,110.0,0.0,33,98
2,85.0,0.0,33,99
1,120.0,-65.0,33,100
1,130.0,-663.0,34,1
4,45.0,-300.0,34,2
4,70.0,0.0,34,3
2,100.0,0.0,34,4
2,140.0,0.0,34,5
1,140.0,-52.0,34,6
3,55.0,-45.0,34,7
3,60.0,0.0,34,8
2,130.0,0.0,34,9
2,130.0,-1405.0,34,10
2,105.0,0.0,34,11
2,90.0,0.0,34,12
2,125.0,0.0,34,13
4,60.0,0.0,34,14
3,60.0,0.0,34,15
4,40.0,0.0,34,16
4,50.0,0.0,34,17
2,120.0,0.0,34,18
4,45.0,0.0,34,19
4,45.0,0.0,34,20
3,60.0,-62.0,34,21
3,70.0,0.0,34,22
3,40.0,-69.0,34,23
1,90.0,-109.0,34,24
4,70.0,0.0,34,25
4,80.0,0.0,34,26
4,45.0,0.0,34,27
2,100.0,0.0,34,28
3,80.0,-114.0,34,29
3,55.0,0.0,34,30
4,40.0,0.0,34,31
1,125.0,0.0,34,32
1,140.0,0.0,34,33
2,115.0,0.0,34,34
4,80.0,0.0,34,35
2,85.0,0.0,34,36
3,45.0,0.0,34,37
3,60.0,-45.0,34,38
4,75.0,0.0,34,39
2,100.0,0.0,34,40
2,85.0,0.0,34,41
2,95.0,0.0,34,42
1,110.0,0.0,34,43
3,60.0,-2.0,34,44
3,55.0,0.0,34,45
2,100.0,-1430.0,34,46
4,70.0,0.0,34,47
2,95.0,0.0,34,48
1,100.0,0.0,34,49
1,95.0,-2.0,34,50
4,40.0,0.0,34,51
1,95.0,-579.0,34,52
2,125.0,0.0,34,53
2,110.0,0.0,34,54
2,125.0,0.0,34,55
3,45.0,-95.0,34,56
4,75.0,0.0,34,57
4,50.0,0.0,34,58
1,130.0,0.0,34,59
1,105.0,-432.0,34,60
1,130.0,-339.0,34,61
2,110.0,0.0,34,62
2,100.0,0.0,34,63
4,55.0,0.0,34,64
2,80.0,0.0,34,65
3,55.0,-98.0,34,66
2,115.0,0.0,34,67
2,85.0,0.0,34,68
1,80.0,0.0,34,69
3,55.0,0.0,34,70
3,40.0,-1.0,34,71
3,75.0,0.0,34,72
4,80.0,-360.0,34,73
1,80.0,0.0,34,74
2,90.0,0.0,34,75
3,60.0,0.0,34,76
4,70.0,0.0,34,77
4,80.0,0.0,34,78
4,80.0,-380.0,34,79
3,70.0,-104.0,34,80
3,60.0,0.0,34,81
3,45.0,-82.0,34,82
2,115.0,-1545.0,34,83
4,65.0,0.0,34,84
3,75.0,0.0,34,85
4,80.0,0.0,34,86
4,65.0,0.0,34,87
4,50.0,0.0,34,88
3,80.0,0.0,34,89
3,50.0,0.0,34,90
2,110.0,0.0,34,91
4,60.0,0.0,34,92
4,80.0,0.0,34,93
3,75.0,0.0,34,94
1,130.0,0.0,34,95
4,80.0,0.0,34,96
4,40.0,0.0,34,97
2,110.0,0.0,34,98
3,70.0,-141.0,34,99
1,90.0,-122.0,34,100
3,55.0,-45.0,35,1
2,100.0,0.0,35,2
1,130.0,-663.0,35,3
2,140.0,0.0,35,4
4,45.0,-300.0,35,5
2,130.0,0.0,35,6
4,70.0,0.0,35,7
4,60.0,0.0,35,8
2,130.0,-1405.0,35,9
3,60.0,0.0,35,10
2,105.0,0.0,35,11
1,140.0,-52.0,35,12
4,40.0,0.0,35,13
3,60.0,0.0,35,14
4,50.0,0.0,35,15
1,90.0,-109.0,35,16
3,60.0,-62.0,35,17
1,125.0,0.0,35,18
1,140.0,0.0,35,19
2,90.0,0.0,35,20
3,70.0,0.0,35,21
4,45.0,0.0,35,22
2,125.0,0.0,35,23
3,40.0,-69.0,35,24
1,110.0,0.0,35,25
2,120.0,0.0,35,26
4,45.0,0.0,35,27
3,80.0,-114.0,35,28
2,100.0,0.0,35,29
3,55.0,0.0,35,30
2,115.0,0.0,35,31
1,100.0,0.0,35,32
3,45.0,0.0,35,33
1,95.0,-2.0,35,34
4,70.0,0.0,35,35
3,60.0,-45.0,35,36
4,80.0,0.0,35,37
1,95.0,-579.0,35,38
4,45.0,0.0,35,39
3,60.0,-2.0,35,40
4,40.0,0.0,35,41
2,85.0,0.0,35,42
3,55.0,0.0,35,43
4,80.0,0.0,35,44
3,45.0,-95.0,35,45
1,130.0,0.0,35,46
4,75.0,0.0,35,47
2,100.0,0.0,35,48
4,70.0,0.0,35,49
3,55.0,-98.0,35,50
4,40.0,0.0,35,51
2,85.0,0.0,35,52
3,55.0,0.0,35,53
1,105.0,-432.0,35,54
4,75.0,0.0,35,55
1,130.0,-339.0,35,56
4,50.0,0.0,35,57
1,80.0,0.0,35,58
2,95.0,0.0,35,59
2,100.0,-1430.0,35,60
2,95.0,0.0,35,61
1,80.0,0.0,35,62
1,130.0,0.0,35,63
3,40.0,-1.0,35,64
1,90.0,-122.0,35,65
4,55.0,0.0,35,66
2,125.0,0.0,35,67
1,85.0,0.0,35,68
3,75.0,0.0,35,69
2,110.0,0.0,35,70
1,105.0,-183.0,35,71
2,125.0,0.0,35,72
4,80.0,-360.0,35,73
1,140.0,0.0,35,74
4,70.0,0.0,35,75
2,110.0,0.0,35,76
3,60.0,0.0,35,77
2,100.0,0.0,35,78
4,80.0,0.0,35,79
3,70.0,-104.0,35,80
1,130.0,-399.0,35,81
3,60.0,0.0,35,82
4,80.0,-380.0,35,83
3,45.0,-82.0,35,84
2,80.0,0.0,35,85
4,65.0,0.0,35,86
3,75.0,0.0,35,87
1,120.0,-580.0,35,88
3,80.0,0.0,35,89
3,50.0,0.0,35,90
3,75.0,0.0,35,91
1,140.0,0.0,35,92
4,80.0,0.0,35,93
1,135.0,0.0,35,94
3,70.0,-141.0,35,95
4,65.0,0.0,35,96
2,115.0,0.0,35,97
4,50.0,0.0,35,98
1,115.0,-349.0,35,99
4,60.0,0.0,35,100
4,45.0,-300.0,36,1
2,100.0,0.0,36,2
1,130.0,-663.0,36,3
4,70.0,0.0,36,4
1,140.0,-52.0,36,5
2,140.0,0.0,36,6
4,60.0,0.0,36,7
4,40.0,0.0,36,8
1,90.0,-109.0,36,9
3,55.0,-45.0,36,10
4,50.0,0.0,36,11
3,60.0,0.0,36,12
4,45.0,0.0,36,13
1,125.0,0.0,36,14
4,45.0,0.0,36,15
2,130.0,0.0,36,16
1,140.0,0.0,36,17
1,110.0,0.0,36,18
3,60.0,0.0,36,19
1,100.0,0.0,36,20
3,60.0,-62.0,36,21
1,95.0,-2.0,36,22
2,130.0,-1405.0,36,23
1,95.0,-579.0,36,24
4,70.0,0.0,36,25
2,105.0,0.0,36,26
3,70.0,0.0,36,27
2,90.0,0.0,36,28
3,40.0,-69.0,36,29
3,80.0,-114.0,36,30
4,80.0,0.0,36,31
1,130.0,0.0,36,32
3,55.0,0.0,36,33
2,125.0,0.0,36,34
2,120.0,0.0,36,35
4,45.0,0.0,36,36
2,100.0,0.0,36,37
2,115.0,0.0,36,38
4,40.0,0.0,36,39
3,45.0,0.0,36,40
1,105.0,-432.0,36,41
4,80.0,0.0,36,42
2,85.0,0.0,36,43
1,130.0,-339.0,36,44
3,60.0,-45.0,36,45
2,100.0,0.0,36,46
4,75.0,0.0,36,47
1,80.0,0.0,36,48
2,85.0,0.0,36,49
1,80.0,0.0,36,50
2,95.0,0.0,36,51
3,60.0,-2.0,36,52
1,130.0,0.0,36,53
2,100.0,-1430.0,36,54
4,70.0,0.0,36,55
2,95.0,0.0,36,56
1,90.0,-122.0,36,57
3,55.0,0.0,36,58
3,45.0,-95.0,36,59
3,55.0,-98.0,36,60
1,85.0,0.0,36,61
3,55.0,0.0,36,62
2,125.0,0.0,36,63
4,40.0,0.0,36,64
2,110.0,0.0,36,65
3,40.0,-1.0,36,66
4,75.0,0.0,36,67
3,75.0,0.0,36,68
1,105.0,-183.0,36,69
3,60.0,0.0,36,70
1,140.0,0.0,36,71
2,125.0,0.0,36,72
4,50.0,0.0,36,73
2,110.0,0.0,36,74
4,55.0,0.0,36,75
2,100.0,0.0,36,76
4,80.0,-360.0,36,77
1,130.0,-399.0,36,78
4,70.0,0.0,36,79
2,80.0,0.0,36,80
3,70.0,-104.0,36,81
1,120.0,-580.0,36,82
1,140.0,0.0,36,83
4,80.0,0.0,36,84
2,115.0,0.0,36,85
3,60.0,0.0,36,86
4,80.0,-380.0,36,87
3,45.0,-82.0,36,88
2,85.0,0.0,36,89
4,65.0,0.0,36,90
2,90.0,0.0,36,91
1,135.0,0.0,36,92
1,115.0,-349.0,36,93
2,115.0,-1545.0,36,94
3,75.0,0.0,36,95
1,120.0,-65.0,36,96
1,125.0,0.0,36,97
3,80.0,0.0,36,98
4,80.0,0.0,36,99
1,130.0,-484.0,36,100
2,100.0,0.0,37,1
3,55.0,-45.0,37,2
4,45.0,-300.0,37,3
1,130.0,-663.0,37,4
4,70.0,0.0,37,5
1,140.0,-52.0,37,6
4,60.0,0.0,37,7
2,140.0,0.0,37,8
1,90.0,-109.0,37,9
4,40.0,0.0,37,10
2,130.0,0.0,37,11
1,125.0,0.0,37,12
3,60.0,0.0,37,13
2,130.0,-1405.0,37,14
2,105.0,0.0,37,15
3,60.0,0.0,37,16
3,60.0,-62.0,37,17
2,90.0,0.0,37,18
3,70.0,0.0,37,19
4,50.0,0.0,37,20
3,40.0,-69.0,37,21
2,125.0,0.0,37,22
4,45.0,0.0,37,23
3,80.0,-114.0,37,24
1,140.0,0.0,37,25
4,45.0,0.0,37,26
2,120.0,0.0,37,27
1,110.0,0.0,37,28
4,70.0,0.0,37,29
4,80.0,0.0,37,30
2,100.0,0.0,37,31
1,100.0,0.0,37,32
4,45.0,0.0,37,33
2,115.0,0.0,37,34
3,55.0,0.0,37,35
4,40.0,0.0,37,36
4,80.0,0.0,37,37
4,75.0,0.0,37,38
3,45.0,0.0,37,39
3,60.0,-45.0,37,40
1,95.0,-2.0,37,41
2,85.0,0.0,37,42
2,100.0,0.0,37,43
1,95.0,-579.0,37,44
3,60.0,-2.0,37,45
2,85.0,0.0,37,46
4,70.0,0.0,37,47
2,95.0,0.0,37,48
3,55.0,0.0,37,49
1,130.0,0.0,37,50
3,45.0,-95.0,37,51
1,105.0,-432.0,37,52
4,40.0,0.0,37,53
2,100.0,-1430.0,37,54
3,55.0,-98.0,37,55
4,75.0,0.0,37,56
1,130.0,-339.0,37,57
1,80.0,0.0,37,58
2,95.0,0.0,37,59
3,55.0,0.0,37,60
1,80.0,0.0,37,61
4,50.0,0.0,37,62
2,125.0,0.0,37,63
1,130.0,0.0,37,64
2,110.0,0.0,37,65
2,125.0,0.0,37,66
1,90.0,-122.0,37,67
3,40.0,-1.0,37,68
3,75.0,0.0,37,69
2,110.0,0.0,37,70
4,55.0,0.0,37,71
2,100.0,0.0,37,72
1,85.0,0.0,37,73
3,60.0,0.0,37,74
1,105.0,-183.0,37,75
2,80.0,0.0,37,76
1,140.0,0.0,37,77
3,70.0,-104.0,37,78
1,130.0,-399.0,37,79
3,60.0,0.0,37,80
2,115.0,0.0,37,81
4,80.0,-360.0,37,82
2,85.0,0.0,37,83
1,120.0,-580.0,37,84
3,45.0,-82.0,37,85
4,70.0,0.0,37,86
2,90.0,0.0,37,87
1,140.0,0.0,37,88
2,115.0,-1545.0,37,89
2,110.0,0.0,37,90
1,135.0,0.0,37,91
3,75.0,0.0,37,92
1,115.0,-349.0,37,93
3,80.0,0.0,37,94
4,80.0,0.0,37,95
1,120.0,-65.0,37,96
2,110.0,0.0,37,97
1,125.0,0.0,37,98
4,80.0,-380.0,37,99
3,50.0,0.0,37,100
4,45.0,-300.0,38,1
3,55.0,-45.0,38,2
3,60.0,0.0,38,3
4,70.0,0.0,38,4
1,130.0,-663.0,38,5
2,100.0,0.0,38,6
1,140.0,-52.0,38,7
1,90.0,-109.0,38,8
1,125.0,0.0,38,9
4,60.0,0.0,38,10
2,140.0,0.0,38,11
2,130.0,0.0,38,12
3,60.0,0.0,38,13
3,60.0,-62.0,38,14
3,70.0,0.0,38,15
4,40.0,0.0,38,16
1,140.0,0.0,38,17
1,110.0,0.0,38,18
1,100.0,0.0,38,19
3,40.0,-69.0,38,20
4,50.0,0.0,38,21
4,45.0,0.0,38,22
4,45.0,0.0,38,23
4,70.0,0.0,38,24
3,80.0,-114.0,38,25
3,55.0,0.0,38,26
3,45.0,0.0,38,27
4,80.0,0.0,38,28
4,45.0,0.0,38,29
4,40.0,0.0,38,30
3,60.0,-45.0,38,31
3,60.0,-2.0,38,32
2,130.0,-1405.0,38,33
4,80.0,0.0,38,34
3,55.0,0.0,38,35
2,105.0,0.0,38,36
1,95.0,-2.0,38,37
1,95.0,-579.0,38,38
3,45.0,-95.0,38,39
2,90.0,0.0,38,40
2,125.0,0.0,38,41
2,120.0,0.0,38,42
3,55.0,-98.0,38,43
3,55.0,0.0,38,44
2,100.0,0.0,38,45
4,75.0,0.0,38,46
2,115.0,0.0,38,47
2,85.0,0.0,38,48
1,130.0,0.0,38,49
1,105.0,-432.0,38,50
2,100.0,0.0,38,51
1,130.0,-339.0,38,52
2,85.0,0.0,38,53
3,40.0,-1.0,38,54
4,70.0,0.0,38,55
2,95.0,0.0,38,56
3,75.0,0.0,38,57
4,40.0,0.0,38,58
3,60.0,0.0,38,59
4,75.0,0.0,38,60
3,70.0,-104.0,38,61
1,80.0,0.0,38,62
1,80.0,0.0,38,63
3,60.0,0.0,38,64
3,45.0,-82.0,38,65
4,50.0,0.0,38,66
4,55.0,0.0,38,67
3,75.0,0.0,38,68
3,80.0,0.0,38,69
4,80.0,-360.0,38,70
2,100.0,-1430.0,38,71
3,50.0,0.0,38,72
3,75.0,0.0,38,73
3,70.0,-141.0,38,74
3,80.0,-31.0,38,75
4,70.0,0.0,38,76
3,40.0,-20.0,38,77
4,80.0,0.0,38,78
1,130.0,0.0,38,79
4,80.0,-380.0,38,80
3,65.0,-46.0,38,81
3,40.0,0.0,38,82
2,95.0,0.0,38,83
1,90.0,-122.0,38,84
2,125.0,0.0,38,85
2,110.0,0.0,38,86
2,125.0,0.0,38,87
3,45.0,-152.0,38,88
4,65.0,0.0,38,89
1,85.0,0.0,38,90
1,105.0,-183.0,38,91
2,110.0,0.0,38,92
2,100.0,0.0,38,93
2,80.0,0.0,38,94
4,80.0,0.0,38,95
1,140.0,0.0,38,96
1,130.0,-399.0,38,97
1,120.0,-580.0,38,98
3,40.0,-18.0,38,99
2,115.0,0.0,38,100
4,45.0,-300.0,39,1
2,100.0,0.0,39,2
2,140.0,0.0,39,3
1,130.0,-663.0,39,4
4,70.0,0.0,39,5
1,140.0,-52.0,39,6
2,130.0,0.0,39,7
2,130.0,-1405.0,39,8
4,60.0,0.0,39,9
2,105.0,0.0,39,10
2,90.0,0.0,39,11
3,55.0,-45.0,39,12
1,90.0,-109.0,39,13
3,60.0,0.0,39,14
2,125.0,0.0,39,15
1,125.0,0.0,39,16
3,60.0,0.0,39,17
4,40.0,0.0,39,18
3,60.0,-62.0,39,19
4,50.0,0.0,39,20
3,70.0,0.0,39,21
1,140.0,0.0,39,22
1,110.0,0.0,39,23
4,45.0,0.0,39,24
1,100.0,0.0,39,25
4,45.0,0.0,39,26
2,120.0,0.0,39,27
4,70.0,0.0,39,28
3,40.0,-69.0,39,29
4,80.0,0.0,39,30
1,95.0,-2.0,39,31
3,80.0,-114.0,39,32
2,100.0,0.0,39,33
3,55.0,0.0,39,34
3,45.0,0.0,39,35
3,60.0,-45.0,39,36
2,115.0,0.0,39,37
3,60.0,-2.0,39,38
2,85.0,0.0,39,39
2,100.0,0.0,39,40
2,85.0,0.0,39,41
4,45.0,0.0,39,42
3,55.0,0.0,39,43
3,45.0,-95.0,39,44
1,95.0,-579.0,39,45
1,130.0,0.0,39,46
3,55.0,-98.0,39,47
4,40.0,0.0,39,48
3,55.0,0.0,39,49
3,40.0,-1.0,39,50
4,80.0,0.0,39,51
4,75.0,0.0,39,52
3,75.0,0.0,39,53
4,70.0,0.0,39,54
1,105.0,-432.0,39,55
3,60.0,0.0,39,56
4,40.0,0.0,39,57
1,130.0,-339.0,39,58
3,70.0,-104.0,39,59
3,60.0,0.0,39,60
1,80.0,0.0,39,61
3,45.0,-82.0,39,62
1,80.0,0.0,39,63
1,130.0,0.0,39,64
4,75.0,0.0,39,65
2,95.0,0.0,39,66
1,90.0,-122.0,39,67
1,85.0,0.0,39,68
4,50.0,0.0,39,69
2,100.0,-1430.0,39,70
2,95.0,0.0,39,71
4,55.0,0.0,39,72
4,80.0,-360.0,39,73
2,125.0,0.0,39,74
1,105.0,-183.0,39,75
3,75.0,0.0,39,76
1,140.0,0.0,39,77
4,70.0,0.0,39,78
4,80.0,0.0,39,79
1,130.0,-399.0,39,80
2,110.0,0.0,39,81
3,80.0,0.0,39,82
2,125.0,0.0,39,83
2,110.0,0.0,39,84
1,120.0,-580.0,39,85
3,50.0,0.0,39,86
3,75.0,0.0,39,87
4,80.0,-380.0,39,88
2,100.0,0.0,39,89
2,80.0,0.0,39,90
2,115.0,0.0,39,91
2,85.0,0.0,39,92
3,70.0,-141.0,39,93
2,90.0,0.0,39,94
1,140.0,0.0,39,95
2,115.0,-1545.0,39,96
3,80.0,-31.0,39,97
3,40.0,-20.0,39,98
3,65.0,-46.0,39,99
2,110.0,0.0,39,100
2,100.0,0.0,40,1
1,130.0,-663.0,40,2
1,140.0,-52.0,40,3
1,90.0,-109.0,40,4
1,125.0,0.0,40,5
2,140.0,0.0,40,6
1,140.0,0.0,40,7
1,110.0,0.0,40,8
4,45.0,-300.0,40,9
4,70.0,0.0,40,10
4,60.0,0.0,40,11
4,40.0,0.0,40,12
3,55.0,-45.0,40,13
3,60.0,0.0,40,14
3,60.0,0.0,40,15
3,60.0,-62.0,40,16
3,70.0,0.0,40,17
3,40.0,-69.0,40,18
2,130.0,0.0,40,19
2,130.0,-1405.0,40,20
2,105.0,0.0,40,21
2,90.0,0.0,40,22
2,125.0,0.0,40,23
2,120.0,0.0,40,24
3,80.0,-114.0,40,25
2,100.0,0.0,40,26
2,115.0,0.0,40,27
2,85.0,0.0,40,28
3,55.0,0.0,40,29
1,100.0,0.0,40,30
1,95.0,-2.0,40,31
3,45.0,0.0,40,32
3,60.0,-45.0,40,33
3,60.0,-2.0,40,34
3,55.0,0.0,40,35
4,50.0,0.0,40,36
4,45.0,0.0,40,37
4,45.0,0.0,40,38
4,70.0,0.0,40,39
4,80.0,0.0,40,40
4,45.0,0.0,40,41
3,45.0,-95.0,40,42
4,40.0,0.0,40,43
4,80.0,0.0,40,44
4,75.0,0.0,40,45
4,70.0,0.0,40,46
4,40.0,0.0,40,47
1,95.0,-579.0,40,48
1,130.0,0.0,40,49
1,105.0,-432.0,40,50
1,130.0,-339.0,40,51
1,80.0,0.0,40,52
1,80.0,0.0,40,53
1,130.0,0.0,40,54
1,90.0,-122.0,40,55
1,85.0,0.0,40,56
3,55.0,-98.0,40,57
1,105.0,-183.0,40,58
4,75.0,0.0,40,59
4,50.0,0.0,40,60
4,55.0,0.0,40,61
4,80.0,-360.0,40,62
3,55.0,0.0,40,63
3,40.0,-1.0,40,64
3,75.0,0.0,40,65
3,60.0,0.0,40,66
3,70.0,-104.0,40,67
3,60.0,0.0,40,68
3,45.0,-82.0,40,69
3,75.0,0.0,40,70
4,70.0,0.0,40,71
1,140.0,0.0,40,72
1,130.0,-399.0,40,73
1,120.0,-580.0,40,74
1,140.0,0.0,40,75
1,135.0,0.0,40,76
1,115.0,-349.0,40,77
3,80.0,0.0,40,78
3,50.0,0.0,40,79
2,100.0,0.0,40,80
4,80.0,0.0,40,81
4,80.0,-380.0,40,82
4,65.0,0.0,40,83
4,80.0,0.0,40,84
4,65.0,0.0,40,85
1,120.0,-65.0,40,86
1,125.0,0.0,40,87
1,130.0,-484.0,40,88
3,75.0,0.0,40,89
1,85.0,-232.0,40,90
1,80.0,0.0,40,91
1,110.0,0.0,40,92
1,110.0,0.0,40,93
1,80.0,0.0,40,94
1,100.0,-924.0,40,95
1,95.0,-21.0,40,96
1,115.0,-160.0,40,97
3,70.0,-141.0,40,98
2,85.0,0.0,40,99
2,95.0,0.0,40,100
2,100.0,0.0,41,1
2,140.0,0.0,41,2
3,55.0,-45.0,41,3
2,130.0,0.0,41,4
4,45.0,-300.0,41,5
4,70.0,0.0,41,6
4,60.0,0.0,41,7
3,60.0,0.0,41,8
3,60.0,0.0,41,9
3,60.0,-62.0,41,10
3,70.0,0.0,41,11
1,130.0,-663.0,41,12
2,130.0,-1405.0,41,13
2,105.0,0.0,41,14
2,90.0,0.0,41,15
1,140.0,-52.0,41,16
1,90.0,-109.0,41,17
4,40.0,0.0,41,18
4,50.0,0.0,41,19
4,45.0,0.0,41,20
4,45.0,0.0,41,21
3,40.0,-69.0,41,22
3,80.0,-114.0,41,23
3,55.0,0.0,41,24
4,70.0,0.0,41,25
4,80.0,0.0,41,26
1,125.0,0.0,41,27
2,125.0,0.0,41,28
2,120.0,0.0,41,29
1,140.0,0.0,41,30
1,110.0,0.0,41,31
1,100.0,0.0,41,32
1,95.0,-2.0,41,33
2,100.0,0.0,41,34
3,45.0,0.0,41,35
3,60.0,-45.0,41,36
3,60.0,-2.0,41,37
3,55.0,0.0,41,38
4,45.0,0.0,41,39
4,40.0,0.0,41,40
3,45.0,-95.0,41,41
4,80.0,0.0,41,42
4,75.0,0.0,41,43
1,95.0,-579.0,41,44
2,115.0,0.0,41,45
2,85.0,0.0,41,46
2,100.0,0.0,41,47
2,85.0,0.0,41,48
2,95.0,0.0,41,49
2,100.0,-1430.0,41,50
4,70.0,0.0,41,51
4,40.0,0.0,41,52
4,75.0,0.0,41,53
1,130.0,0.0,41,54
1,105.0,-432.0,41,55
3,55.0,-98.0,41,56
3,55.0,0.0,41,57
3,40.0,-1.0,41,58
1,130.0,-339.0,41,59
1,80.0,0.0,41,60
1,80.0,0.0,41,61
1,130.0,0.0,41,62
3,75.0,0.0,41,63
2,95.0,0.0,41,64
2,125.0,0.0,41,65
3,60.0,0.0,41,66
2,110.0,0.0,41,67
2,125.0,0.0,41,68
2,110.0,0.0,41,69
2,100.0,0.0,41,70
1,90.0,-122.0,41,71
2,80.0,0.0,41,72
2,115.0,0.0,41,73
2,85.0,0.0,41,74
4,50.0,0.0,41,75
4,55.0,0.0,41,76
4,80.0,-360.0,41,77
3,70.0,-104.0,41,78
2,90.0,0.0,41,79
1,85.0,0.0,41,80
4,70.0,0.0,41,81
4,80.0,0.0,41,82
4,80.0,-380.0,41,83
3,60.0,0.0,41,84
3,45.0,-82.0,41,85
1,105.0,-183.0,41,86
3,75.0,0.0,41,87
3,80.0,0.0,41,88
3,50.0,0.0,41,89
1,140.0,0.0,41,90
1,130.0,-399.0,41,91
3,75.0,0.0,41,92
4,65.0,0.0,41,93
2,115.0,-1545.0,41,94
2,110.0,0.0,41,95
2,110.0,0.0,41,96
3,70.0,-141.0,41,97
3,80.0,-31.0,41,98
3,40.0,-20.0,41,99
1,120.0,-580.0,41,100
4,45.0,-300.0,42,1
4,70.0,0.0,42,2
3,55.0,-45.0,42,3
4,60.0,0.0,42,4
4,40.0,0.0,42,5
4,50.0,0.0,42,6
4,45.0,0.0,42,7
4,45.0,0.0,42,8
2,100.0,0.0,42,9
2,140.0,0.0,42,10
2,130.0,0.0,42,11
2,130.0,-1405.0,42,12
3,60.0,0.0,42,13
2,105.0,0.0,42,14
2,90.0,0.0,42,15
2,125.0,0.0,42,16
2,120.0,0.0,42,17
1,130.0,-663.0,42,18
3,60.0,0.0,42,19
3,60.0,-62.0,42,20
2,100.0,0.0,42,21
4,70.0,0.0,42,22
4,80.0,0.0,42,23
4,45.0,0.0,42,24
4,40.0,0.0,42,25
1,140.0,-52.0,42,26
1,90.0,-109.0,42,27
3,70.0,0.0,42,28
3,40.0,-69.0,42,29
2,115.0,0.0,42,30
1,125.0,0.0,42,31
1,140.0,0.0,42,32
1,110.0,0.0,42,33
4,80.0,0.0,42,34
4,75.0,0.0,42,35
4,70.0,0.0,42,36
4,40.0,0.0,42,37
2,85.0,0.0,42,38
2,100.0,0.0,42,39
2,85.0,0.0,42,40
2,95.0,0.0,42,41
2,100.0,-1430.0,42,42
4,75.0,0.0,42,43
3,80.0,-114.0,42,44
2,95.0,0.0,42,45
2,125.0,0.0,42,46
2,110.0,0.0,42,47
3,55.0,0.0,42,48
4,50.0,0.0,42,49
2,125.0,0.0,42,50
2,110.0,0.0,42,51
3,45.0,0.0,42,52
3,60.0,-45.0,42,53
1,100.0,0.0,42,54
1,95.0,-2.0,42,55
2,100.0,0.0,42,56
2,80.0,0.0,42,57
4,55.0,0.0,42,58
4,80.0,-360.0,42,59
3,60.0,-2.0,42,60
3,55.0,0.0,42,61
2,115.0,0.0,42,62
2,85.0,0.0,42,63
4,70.0,0.0,42,64
4,80.0,0.0,42,65
4,80.0,-380.0,42,66
3,45.0,-95.0,42,67
2,90.0,0.0,42,68
2,115.0,-1545.0,42,69
1,95.0,-579.0,42,70
1,130.0,0.0,42,71
1,105.0,-432.0,42,72
1,130.0,-339.0,42,73
1,80.0,0.0,42,74
1,80.0,0.0,42,75
1,130.0,0.0,42,76
4,65.0,0.0,42,77
3,55.0,-98.0,42,78
3,55.0,0.0,42,79
3,40.0,-1.0,42,80
3,75.0,0.0,42,81
4,80.0,0.0,42,82
4,65.0,0.0,42,83
2,110.0,0.0,42,84
2,110.0,0.0,42,85
3,60.0,0.0,42,86
1,90.0,-122.0,42,87
1,85.0,0.0,42,88
4,50.0,0.0,42,89
3,70.0,-104.0,42,90
3,60.0,0.0,42,91
3,45.0,-82.0,42,92
4,60.0,0.0,42,93
4,80.0,0.0,42,94
4,80.0,0.0,42,95
2,85.0,0.0,42,96
1,105.0,-183.0,42,97
4,40.0,0.0,42,98
3,75.0,0.0,42,99
3,80.0,0.0,42,100
2,100.0,0.0,43,1
2,140.0,0.0,43,2
2,130.0,0.0,43,3
1,130.0,-663.0,43,4
3,55.0,-45.0,43,5
3,60.0,0.0,43,6
3,60.0,0.0,43,7
4,45.0,-300.0,43,8
3,60.0,-62.0,43,9
2,130.0,-1405.0,43,10
1,140.0,-52.0,43,11
3,70.0,0.0,43,12
1,90.0,-109.0,43,13
4,70.0,0.0,43,14
4,60.0,0.0,43,15
2,105.0,0.0,43,16
2,90.0,0.0,43,17
1,125.0,0.0,43,18
3,40.0,-69.0,43,19
2,125.0,0.0,43,20
1,140.0,0.0,43,21
1,110.0,0.0,43,22
1,100.0,0.0,43,23
2,120.0,0.0,43,24
3,80.0,-114.0,43,25
1,95.0,-2.0,43,26
1,95.0,-579.0,43,27
3,55.0,0.0,43,28
3,45.0,0.0,43,29
4,40.0,0.0,43,30
1,130.0,0.0,43,31
1,105.0,-432.0,43,32
1,130.0,-339.0,43,33
1,80.0,0.0,43,34
1,80.0,0.0,43,35
2,100.0,0.0,43,36
3,60.0,-45.0,43,37
4,50.0,0.0,43,38
4,45.0,0.0,43,39
3,60.0,-2.0,43,40
3,55.0,0.0,43,41
3,45.0,-95.0,43,42
2,115.0,0.0,43,43
1,130.0,0.0,43,44
1,90.0,-122.0,43,45
1,85.0,0.0,43,46
4,45.0,0.0,43,47
1,105.0,-183.0,43,48
1,140.0,0.0,43,49
2,85.0,0.0,43,50
2,100.0,0.0,43,51
2,85.0,0.0,43,52
1,130.0,-399.0,43,53
3,55.0,-98.0,43,54
4,70.0,0.0,43,55
4,80.0,0.0,43,56
3,55.0,0.0,43,57
1,120.0,-580.0,43,58
2,95.0,0.0,43,59
2,100.0,-1430.0,43,60
2,95.0,0.0,43,61
3,40.0,-1.0,43,62
2,125.0,0.0,43,63
2,110.0,0.0,43,64
2,125.0,0.0,43,65
2,110.0,0.0,43,66
2,100.0,0.0,43,67
1,140.0,0.0,43,68
3,75.0,0.0,43,69
1,135.0,0.0,43,70
3,60.0,0.0,43,71
4,45.0,0.0,43,72
2,80.0,0.0,43,73
2,115.0,0.0,43,74
2,85.0,0.0,43,75
3,70.0,-104.0,43,76
3,60.0,0.0,43,77
3,45.0,-82.0,43,78
1,115.0,-349.0,43,79
1,120.0,-65.0,43,80
1,125.0,0.0,43,81
1,130.0,-484.0,43,82
4,40.0,0.0,43,83
4,80.0,0.0,43,84
4,75.0,0.0,43,85
2,90.0,0.0,43,86
2,115.0,-1545.0,43,87
2,110.0,0.0,43,88
1,85.0,-232.0,43,89
4,70.0,0.0,43,90
3,75.0,0.0,43,91
3,80.0,0.0,43,92
3,50.0,0.0,43,93
3,75.0,0.0,43,94
3,70.0,-141.0,43,95
4,40.0,0.0,43,96
1,80.0,0.0,43,97
4,75.0,0.0,43,98
2,110.0,0.0,43,99
3,80.0,-31.0,43,100
